ID,NAME,adrenal adult._version_,adrenal adult.exp_rpkm,adrenal adult.exp_total,adrenal adult.full_rpkm,adrenal adult.gene,adrenal adult.id,adrenal adult.project_desc,adrenal adult.sample_id,adrenal adult.source_name,adrenal adult.var,bladder adult._version_,bladder adult.exp_rpkm,bladder adult.exp_total,bladder adult.full_rpkm,bladder adult.gene,bladder adult.id,bladder adult.project_desc,bladder adult.sample_id,bladder adult.source_name,bladder adult.var,cerebellum adult._version_,cerebellum adult.exp_rpkm,cerebellum adult.exp_total,cerebellum adult.full_rpkm,cerebellum adult.gene,cerebellum adult.id,cerebellum adult.project_desc,cerebellum adult.sample_id,cerebellum adult.source_name,cerebellum adult.var,cns e11.5._version_,cns e11.5.exp_rpkm,cns e11.5.exp_total,cns e11.5.full_rpkm,cns e11.5.gene,cns e11.5.id,cns e11.5.project_desc,cns e11.5.sample_id,cns e11.5.source_name,cns e11.5.var,cns e14._version_,cns e14.exp_rpkm,cns e14.exp_total,cns e14.full_rpkm,cns e14.gene,cns e14.id,cns e14.project_desc,cns e14.sample_id,cns e14.source_name,cns e14.var,cns e18._version_,cns e18.exp_rpkm,cns e18.exp_total,cns e18.full_rpkm,cns e18.gene,cns e18.id,cns e18.project_desc,cns e18.sample_id,cns e18.source_name,cns e18.var,colon adult._version_,colon adult.exp_rpkm,colon adult.exp_total,colon adult.full_rpkm,colon adult.gene,colon adult.id,colon adult.project_desc,colon adult.sample_id,colon adult.source_name,colon adult.var,cortex adult._version_,cortex adult.exp_rpkm,cortex adult.exp_total,cortex adult.full_rpkm,cortex adult.gene,cortex adult.id,cortex adult.project_desc,cortex adult.sample_id,cortex adult.source_name,cortex adult.var,duodenum adult._version_,duodenum adult.exp_rpkm,duodenum adult.exp_total,duodenum adult.full_rpkm,duodenum adult.gene,duodenum adult.id,duodenum adult.project_desc,duodenum adult.sample_id,duodenum adult.source_name,duodenum adult.var,frontal lobe adult._version_,frontal lobe adult.exp_rpkm,frontal lobe adult.exp_total,frontal lobe adult.full_rpkm,frontal lobe adult.gene,frontal lobe adult.id,frontal lobe adult.project_desc,frontal lobe adult.sample_id,frontal lobe adult.source_name,frontal lobe adult.var,genital fat pad adult._version_,genital fat pad adult.exp_rpkm,genital fat pad adult.exp_total,genital fat pad adult.full_rpkm,genital fat pad adult.gene,genital fat pad adult.id,genital fat pad adult.project_desc,genital fat pad adult.sample_id,genital fat pad adult.source_name,genital fat pad adult.var,heart adult._version_,heart adult.exp_rpkm,heart adult.exp_total,heart adult.full_rpkm,heart adult.gene,heart adult.id,heart adult.project_desc,heart adult.sample_id,heart adult.source_name,heart adult.var,kidney adult._version_,kidney adult.exp_rpkm,kidney adult.exp_total,kidney adult.full_rpkm,kidney adult.gene,kidney adult.id,kidney adult.project_desc,kidney adult.sample_id,kidney adult.source_name,kidney adult.var,large intestine adult._version_,large intestine adult.exp_rpkm,large intestine adult.exp_total,large intestine adult.full_rpkm,large intestine adult.gene,large intestine adult.id,large intestine adult.project_desc,large intestine adult.sample_id,large intestine adult.source_name,large intestine adult.var,limb e14.5._version_,limb e14.5.exp_rpkm,limb e14.5.exp_total,limb e14.5.full_rpkm,limb e14.5.gene,limb e14.5.id,limb e14.5.project_desc,limb e14.5.sample_id,limb e14.5.source_name,limb e14.5.var,liver adult._version_,liver adult.exp_rpkm,liver adult.exp_total,liver adult.full_rpkm,liver adult.gene,liver adult.id,liver adult.project_desc,liver adult.sample_id,liver adult.source_name,liver adult.var,liver e14.5._version_,liver e14.5.exp_rpkm,liver e14.5.exp_total,liver e14.5.full_rpkm,liver e14.5.gene,liver e14.5.id,liver e14.5.project_desc,liver e14.5.sample_id,liver e14.5.source_name,liver e14.5.var,liver e14._version_,liver e14.exp_rpkm,liver e14.exp_total,liver e14.full_rpkm,liver e14.gene,liver e14.id,liver e14.project_desc,liver e14.sample_id,liver e14.source_name,liver e14.var,liver e18._version_,liver e18.exp_rpkm,liver e18.exp_total,liver e18.full_rpkm,liver e18.gene,liver e18.id,liver e18.project_desc,liver e18.sample_id,liver e18.source_name,liver e18.var,lung adult._version_,lung adult.exp_rpkm,lung adult.exp_total,lung adult.full_rpkm,lung adult.gene,lung adult.id,lung adult.project_desc,lung adult.sample_id,lung adult.source_name,lung adult.var,mammary gland adult._version_,mammary gland adult.exp_rpkm,mammary gland adult.exp_total,mammary gland adult.full_rpkm,mammary gland adult.gene,mammary gland adult.id,mammary gland adult.project_desc,mammary gland adult.sample_id,mammary gland adult.source_name,mammary gland adult.var,ovary adult._version_,ovary adult.exp_rpkm,ovary adult.exp_total,ovary adult.full_rpkm,ovary adult.gene,ovary adult.id,ovary adult.project_desc,ovary adult.sample_id,ovary adult.source_name,ovary adult.var,placenta adult._version_,placenta adult.exp_rpkm,placenta adult.exp_total,placenta adult.full_rpkm,placenta adult.gene,placenta adult.id,placenta adult.project_desc,placenta adult.sample_id,placenta adult.source_name,placenta adult.var,small intestine adult._version_,small intestine adult.exp_rpkm,small intestine adult.exp_total,small intestine adult.full_rpkm,small intestine adult.gene,small intestine adult.id,small intestine adult.project_desc,small intestine adult.sample_id,small intestine adult.source_name,small intestine adult.var,spleen adult._version_,spleen adult.exp_rpkm,spleen adult.exp_total,spleen adult.full_rpkm,spleen adult.gene,spleen adult.id,spleen adult.project_desc,spleen adult.sample_id,spleen adult.source_name,spleen adult.var,stomach adult._version_,stomach adult.exp_rpkm,stomach adult.exp_total,stomach adult.full_rpkm,stomach adult.gene,stomach adult.id,stomach adult.project_desc,stomach adult.sample_id,stomach adult.source_name,stomach adult.var,subcutaneous fat pad adult._version_,subcutaneous fat pad adult.exp_rpkm,subcutaneous fat pad adult.exp_total,subcutaneous fat pad adult.full_rpkm,subcutaneous fat pad adult.gene,subcutaneous fat pad adult.id,subcutaneous fat pad adult.project_desc,subcutaneous fat pad adult.sample_id,subcutaneous fat pad adult.source_name,subcutaneous fat pad adult.var,testis adult._version_,testis adult.exp_rpkm,testis adult.exp_total,testis adult.full_rpkm,testis adult.gene,testis adult.id,testis adult.project_desc,testis adult.sample_id,testis adult.source_name,testis adult.var,thymus adult._version_,thymus adult.exp_rpkm,thymus adult.exp_total,thymus adult.full_rpkm,thymus adult.gene,thymus adult.id,thymus adult.project_desc,thymus adult.sample_id,thymus adult.source_name,thymus adult.var,whole brain e14.5._version_,whole brain e14.5.exp_rpkm,whole brain e14.5.exp_total,whole brain e14.5.full_rpkm,whole brain e14.5.gene,whole brain e14.5.id,whole brain e14.5.project_desc,whole brain e14.5.sample_id,whole brain e14.5.source_name,whole brain e14.5.var
12927,Bcar1,1690834148450631686,90.6,6906661,90.6343,12927,12927_SAMN00849379,PRJNA66167,SAMN00849379,adrenal adult,0.0,1690834148449583106,14.3,2953547,14.3408,12927,12927_SAMN01164133,PRJNA66167,SAMN01164133,bladder adult,0.0,1690834148448534538,32.1,5746146,32.0862,12927,12927_SAMN01164136,PRJNA66167,SAMN01164136,cerebellum adult,0.0,1690834148448534532,18.9,4792381,18.8908,12927,12927_SAMN01164142,PRJNA66167,SAMN01164142,CNS E11.5,0.0,1690834148448534536,26.1,6677588,26.0894,12927,12927_SAMN01164138,PRJNA66167,SAMN01164138,CNS E14,0.0,1690834148448534535,18.8,4669370,18.8095,12927,12927_SAMN01164139,PRJNA66167,SAMN01164139,CNS E18,0.0,1690834148449583110,50.6,3620519,50.6074,12927,12927_SAMN00849389,PRJNA66167,SAMN00849389,colon adult,0.0,1690834148449583107,11.8,2357802,11.7566,12927,12927_SAMN01164132,PRJNA66167,SAMN01164132,cortex adult,0.0,1690834148450631687,66.9,5075659,66.9331,12927,12927_SAMN00849378,PRJNA66167,SAMN00849378,duodenum adult,0.0,1690834148449583108,9.7,2032449,9.70283,12927,12927_SAMN01164131,PRJNA66167,SAMN01164131,frontal Lobe adult,0.0,1690834148450631684,19.9,1668230,19.8862,12927,12927_SAMN00849381,PRJNA66167,SAMN00849381,genital fat pad adult,0.0,1690834148449583109,10.1,787887,10.1353,12927,12927_SAMN00849390,PRJNA66167,SAMN00849390,heart adult,0.0,1690834148450631680,46.1,5119791,46.1484,12927,12927_SAMN00849385,PRJNA66167,SAMN00849385,kidney adult,0.0,1690834148450631685,39.8,3335029,39.7709,12927,12927_SAMN00849380,PRJNA66167,SAMN00849380,Large Intestine adult,0.0,1690834148448534537,21.0,4835766,21.0138,12927,12927_SAMN01164137,PRJNA66167,SAMN01164137,limb E14.5,0.0,1690834148449583113,18.1,1781177,18.0595,12927,12927_SAMN00849386,PRJNA66167,SAMN00849386,liver adult,0.0,1690834148448534534,4.09,802715,4.09244,12927,12927_SAMN01164140,PRJNA66167,SAMN01164140,liver E14.5,0.0,1690834148448534531,3.23,920775,3.23396,12927,12927_SAMN01164143,PRJNA66167,SAMN01164143,liver E14,0.0,1690834148449583104,7.35,2130005,7.34689,12927,12927_SAMN01164135,PRJNA66167,SAMN01164135,liver E18,0.0,1690834148449583112,35.2,2438687,35.1762,12927,12927_SAMN00849387,PRJNA66167,SAMN00849387,lung adult,0.0,1690834148450631690,24.8,1816879,24.7691,12927,12927_SAMN00849375,PRJNA66167,SAMN00849375,mammary gland adult,0.0,1690834148451680256,46.0,2626073,45.961,12927,12927_SAMN00849374,PRJNA66167,SAMN00849374,ovary adult,0.0,1690834148449583105,27.3,8799954,27.2786,12927,12927_SAMN01164134,PRJNA66167,SAMN01164134,placenta adult,0.0,1690834148450631688,67.5,5215001,67.5193,12927,12927_SAMN00849377,PRJNA66167,SAMN00849377,small intestine adult,0.0,1690834148449583111,9.94,921008,9.93636,12927,12927_SAMN00849388,PRJNA66167,SAMN00849388,spleen adult,0.0,1690834148450631689,32.1,2822298,32.0873,12927,12927_SAMN00849376,PRJNA66167,SAMN00849376,stomach adult,0.0,1690834148450631683,19.7,1653888,19.6825,12927,12927_SAMN00849382,PRJNA66167,SAMN00849382,subcutaneous fat pad adult,0.0,1690834148450631681,12.2,977681,12.2451,12927,12927_SAMN00849384,PRJNA66167,SAMN00849384,testis adult,0.0,1690834148450631682,3.88,389921,3.87863,12927,12927_SAMN00849383,PRJNA66167,SAMN00849383,thymus adult,0.0,1690834148448534533,29.7,6707091,29.6551,12927,12927_SAMN01164141,PRJNA66167,SAMN01164141,whole brain E14.5,0.0
29815,Bcar3,1690834163526008836,13.0,1252617,13.0498,29815,29815_SAMN00849379,PRJNA66167,SAMN00849379,adrenal adult,0.0,1690834163524960260,8.85,2294895,8.84608,29815,29815_SAMN01164133,PRJNA66167,SAMN01164133,bladder adult,0.0,1690834163524960257,2.8,630630,2.79561,29815,29815_SAMN01164136,PRJNA66167,SAMN01164136,cerebellum adult,0.0,1690834163523911686,2.61,835272,2.61389,29815,29815_SAMN01164142,PRJNA66167,SAMN01164142,CNS E11.5,0.0,1690834163523911690,1.41,453724,1.40733,29815,29815_SAMN01164138,PRJNA66167,SAMN01164138,CNS E14,0.0,1690834163523911689,1.31,408313,1.30579,29815,29815_SAMN01164139,PRJNA66167,SAMN01164139,CNS E18,0.0,1690834163524960264,8.69,782671,8.68525,29815,29815_SAMN00849389,PRJNA66167,SAMN00849389,colon adult,0.0,1690834163524960261,2.67,675257,2.67303,29815,29815_SAMN01164132,PRJNA66167,SAMN01164132,cortex adult,0.0,1690834163526008837,12.8,1224232,12.8166,29815,29815_SAMN00849378,PRJNA66167,SAMN00849378,duodenum adult,0.0,1690834163524960262,3.02,796388,3.01831,29815,29815_SAMN01164131,PRJNA66167,SAMN01164131,frontal Lobe adult,0.0,1690834163526008834,9.7,1024776,9.69807,29815,29815_SAMN00849381,PRJNA66167,SAMN00849381,genital fat pad adult,0.0,1690834163524960263,1.25,121922,1.24513,29815,29815_SAMN00849390,PRJNA66167,SAMN00849390,heart adult,0.0,1690834163524960268,6.57,918801,6.57485,29815,29815_SAMN00849385,PRJNA66167,SAMN00849385,kidney adult,0.0,1690834163526008835,13.2,1396372,13.2198,29815,29815_SAMN00849380,PRJNA66167,SAMN00849380,Large Intestine adult,0.0,1690834163524960256,1.87,543347,1.87446,29815,29815_SAMN01164137,PRJNA66167,SAMN01164137,limb E14.5,0.0,1690834163524960267,7.51,933458,7.5137,29815,29815_SAMN00849386,PRJNA66167,SAMN00849386,liver adult,0.0,1690834163523911688,1.62,400598,1.6214,29815,29815_SAMN01164140,PRJNA66167,SAMN01164140,liver E14.5,0.0,1690834163523911685,1.47,525811,1.46612,29815,29815_SAMN01164143,PRJNA66167,SAMN01164143,liver E14,0.0,1690834163524960258,4.61,1682229,4.60647,29815,29815_SAMN01164135,PRJNA66167,SAMN01164135,liver E18,0.0,1690834163524960266,9.4,820534,9.39615,29815,29815_SAMN00849387,PRJNA66167,SAMN00849387,lung adult,0.0,1690834163526008840,6.56,606132,6.56012,29815,29815_SAMN00849375,PRJNA66167,SAMN00849375,mammary gland adult,0.0,1690834163526008841,10.8,776221,10.7852,29815,29815_SAMN00849374,PRJNA66167,SAMN00849374,ovary adult,0.0,1690834163524960259,11.4,4638160,11.4143,29815,29815_SAMN01164134,PRJNA66167,SAMN01164134,placenta adult,0.0,1690834163526008838,12.7,1234308,12.687,29815,29815_SAMN00849377,PRJNA66167,SAMN00849377,small intestine adult,0.0,1690834163524960265,11.1,1299580,11.1308,29815,29815_SAMN00849388,PRJNA66167,SAMN00849388,spleen adult,0.0,1690834163526008839,2.67,295609,2.66814,29815,29815_SAMN00849376,PRJNA66167,SAMN00849376,stomach adult,0.0,1690834163526008833,13.1,1384274,13.0785,29815,29815_SAMN00849382,PRJNA66167,SAMN00849382,subcutaneous fat pad adult,0.0,1690834163524960269,1.96,197231,1.9611,29815,29815_SAMN00849384,PRJNA66167,SAMN00849384,testis adult,0.0,1690834163526008832,1.13,142999,1.12926,29815,29815_SAMN00849383,PRJNA66167,SAMN00849383,thymus adult,0.0,1690834163523911687,1.32,375235,1.31713,29815,29815_SAMN01164141,PRJNA66167,SAMN01164141,whole brain E14.5,0.0
53619,Blcap,1690834165023375371,18.7,928563,18.6506,53619,53619_SAMN00849379,PRJNA66167,SAMN00849379,adrenal adult,0.0,1690834165022326795,20.5,2764978,20.5484,53619,53619_SAMN01164133,PRJNA66167,SAMN01164133,bladder adult,0.0,1690834165022326792,30.2,3535103,30.2135,53619,53619_SAMN01164136,PRJNA66167,SAMN01164136,cerebellum adult,0.0,1690834165022326786,22.1,3668701,22.1344,53619,53619_SAMN01164142,PRJNA66167,SAMN01164142,CNS E11.5,0.0,1690834165022326790,51.4,8601640,51.4379,53619,53619_SAMN01164138,PRJNA66167,SAMN01164138,CNS E14,0.0,1690834165022326789,57.7,9357909,57.6972,53619,53619_SAMN01164139,PRJNA66167,SAMN01164139,CNS E18,0.0,1690834165023375361,18.7,873626,18.6907,53619,53619_SAMN00849389,PRJNA66167,SAMN00849389,colon adult,0.0,1690834165022326796,19.2,2514057,19.187,53619,53619_SAMN01164132,PRJNA66167,SAMN01164132,cortex adult,0.0,1690834165023375372,12.1,601305,12.1367,53619,53619_SAMN00849378,PRJNA66167,SAMN00849378,duodenum adult,0.0,1690834165022326797,25.0,3418530,24.979,53619,53619_SAMN01164131,PRJNA66167,SAMN01164131,frontal Lobe adult,0.0,1690834165023375369,29.3,1605785,29.2982,53619,53619_SAMN00849381,PRJNA66167,SAMN00849381,genital fat pad adult,0.0,1690834165023375360,22.9,1163548,22.9094,53619,53619_SAMN00849390,PRJNA66167,SAMN00849390,heart adult,0.0,1690834165023375365,16.5,1196974,16.5138,53619,53619_SAMN00849385,PRJNA66167,SAMN00849385,kidney adult,0.0,1690834165023375370,15.1,829409,15.1388,53619,53619_SAMN00849380,PRJNA66167,SAMN00849380,Large Intestine adult,0.0,1690834165022326791,22.6,3391194,22.5554,53619,53619_SAMN01164137,PRJNA66167,SAMN01164137,limb E14.5,0.0,1690834165023375364,12.8,824035,12.788,53619,53619_SAMN00849386,PRJNA66167,SAMN00849386,liver adult,0.0,1690834165022326788,4.3,550437,4.29522,53619,53619_SAMN01164140,PRJNA66167,SAMN01164140,liver E14.5,0.0,1690834165022326785,3.66,681273,3.66234,53619,53619_SAMN01164143,PRJNA66167,SAMN01164143,liver E14,0.0,1690834165022326793,6.93,1313578,6.93483,53619,53619_SAMN01164135,PRJNA66167,SAMN01164135,liver E18,0.0,1690834165023375363,17.5,792212,17.4901,53619,53619_SAMN00849387,PRJNA66167,SAMN00849387,lung adult,0.0,1690834165024423938,33.7,1615303,33.7051,53619,53619_SAMN00849375,PRJNA66167,SAMN00849375,mammary gland adult,0.0,1690834165024423939,19.4,723100,19.3704,53619,53619_SAMN00849374,PRJNA66167,SAMN00849374,ovary adult,0.0,1690834165022326794,13.0,2732965,12.9668,53619,53619_SAMN01164134,PRJNA66167,SAMN01164134,placenta adult,0.0,1690834165024423936,9.51,479895,9.50993,53619,53619_SAMN00849377,PRJNA66167,SAMN00849377,small intestine adult,0.0,1690834165023375362,7.38,447207,7.38465,53619,53619_SAMN00849388,PRJNA66167,SAMN00849388,spleen adult,0.0,1690834165024423937,8.36,480682,8.36461,53619,53619_SAMN00849376,PRJNA66167,SAMN00849376,stomach adult,0.0,1690834165023375368,39.0,2140515,38.9897,53619,53619_SAMN00849382,PRJNA66167,SAMN00849382,subcutaneous fat pad adult,0.0,1690834165023375366,11.3,591186,11.333,53619,53619_SAMN00849384,PRJNA66167,SAMN00849384,testis adult,0.0,1690834165023375367,9.26,608107,9.25846,53619,53619_SAMN00849383,PRJNA66167,SAMN00849383,thymus adult,0.0,1690834165022326787,60.0,8862226,59.9743,53619,53619_SAMN01164141,PRJNA66167,SAMN01164141,whole brain E14.5,0.0
12189,Brca1,1690834146609332225,0.0333,5001,0.0333214,12189,12189_SAMN00849379,PRJNA66167,SAMN00849379,adrenal adult,0.0,1690834146607235081,0.199,80612,0.198733,12189,12189_SAMN01164133,PRJNA66167,SAMN01164133,bladder adult,0.0,1690834146607235078,0.162,57030,0.161692,12189,12189_SAMN01164136,PRJNA66167,SAMN01164136,cerebellum adult,0.0,1690834146607235072,5.72,2858420,5.72093,12189,12189_SAMN01164142,PRJNA66167,SAMN01164142,CNS E11.5,0.0,1690834146607235076,1.93,975326,1.9348,12189,12189_SAMN01164138,PRJNA66167,SAMN01164138,CNS E14,0.0,1690834146607235075,0.69,337577,0.690452,12189,12189_SAMN01164139,PRJNA66167,SAMN01164139,CNS E18,0.0,1690834146608283650,0.212,29919,0.21234,12189,12189_SAMN00849389,PRJNA66167,SAMN00849389,colon adult,0.0,1690834146607235082,0.14,55420,0.140309,12189,12189_SAMN01164132,PRJNA66167,SAMN01164132,cortex adult,0.0,1690834146609332226,0.128,19075,0.127719,12189,12189_SAMN00849378,PRJNA66167,SAMN00849378,duodenum adult,0.0,1690834146608283648,0.257,105903,0.256702,12189,12189_SAMN01164131,PRJNA66167,SAMN01164131,frontal Lobe adult,0.0,1690834146608283658,0.132,21771,0.13177,12189,12189_SAMN00849381,PRJNA66167,SAMN00849381,genital fat pad adult,0.0,1690834146608283649,0.0179,2733,0.0178506,12189,12189_SAMN00849390,PRJNA66167,SAMN00849390,heart adult,0.0,1690834146608283654,0.0388,8482,0.038819,12189,12189_SAMN00849385,PRJNA66167,SAMN00849385,kidney adult,0.0,1690834146609332224,0.662,109360,0.662165,12189,12189_SAMN00849380,PRJNA66167,SAMN00849380,Large Intestine adult,0.0,1690834146607235077,2.75,1247919,2.75339,12189,12189_SAMN01164137,PRJNA66167,SAMN01164137,limb E14.5,0.0,1690834146608283653,0.0614,11927,0.0614006,12189,12189_SAMN00849386,PRJNA66167,SAMN00849386,liver adult,0.0,1690834146607235074,4.81,1857215,4.80756,12189,12189_SAMN01164140,PRJNA66167,SAMN01164140,liver E14.5,0.0,1690834146606186507,5.86,3287119,5.8619,12189,12189_SAMN01164143,PRJNA66167,SAMN01164143,liver E14,0.0,1690834146607235079,2.13,1218704,2.13434,12189,12189_SAMN01164135,PRJNA66167,SAMN01164135,liver E18,0.0,1690834146608283652,0.0689,9408,0.0689021,12189,12189_SAMN00849387,PRJNA66167,SAMN00849387,lung adult,0.0,1690834146609332229,0.0927,13386,0.0926568,12189,12189_SAMN00849375,PRJNA66167,SAMN00849375,mammary gland adult,0.0,1690834146609332230,0.488,54892,0.487791,12189,12189_SAMN00849374,PRJNA66167,SAMN00849374,ovary adult,0.0,1690834146607235080,4.41,2801019,4.40859,12189,12189_SAMN01164134,PRJNA66167,SAMN01164134,placenta adult,0.0,1690834146609332227,0.123,18785,0.123489,12189,12189_SAMN00849377,PRJNA66167,SAMN00849377,small intestine adult,0.0,1690834146608283651,0.404,73817,0.404355,12189,12189_SAMN00849388,PRJNA66167,SAMN00849388,spleen adult,0.0,1690834146609332228,0.0428,7418,0.0428213,12189,12189_SAMN00849376,PRJNA66167,SAMN00849376,stomach adult,0.0,1690834146608283657,0.263,43515,0.262939,12189,12189_SAMN00849382,PRJNA66167,SAMN00849382,subcutaneous fat pad adult,0.0,1690834146608283655,1.66,260531,1.65679,12189,12189_SAMN00849384,PRJNA66167,SAMN00849384,testis adult,0.0,1690834146608283656,1.16,228853,1.15585,12189,12189_SAMN00849383,PRJNA66167,SAMN00849383,thymus adult,0.0,1690834146607235073,1.25,554663,1.24519,12189,12189_SAMN01164141,PRJNA66167,SAMN01164141,whole brain E14.5,0.0
12190,Brca2,1690834146611429385,0.113,31961,0.11264,12190,12190_SAMN00849379,PRJNA66167,SAMN00849379,adrenal adult,0.0,1690834146610380807,0.337,258299,0.336821,12190,12190_SAMN01164133,PRJNA66167,SAMN01164133,bladder adult,0.0,1690834146610380804,0.688,458733,0.68794,12190,12190_SAMN01164136,PRJNA66167,SAMN01164136,cerebellum adult,0.0,1690834146609332233,1.98,1870434,1.98011,12190,12190_SAMN01164142,PRJNA66167,SAMN01164142,CNS E11.5,0.0,1690834146610380802,0.897,854407,0.896516,12190,12190_SAMN01164138,PRJNA66167,SAMN01164138,CNS E14,0.0,1690834146610380801,0.619,572322,0.619166,12190,12190_SAMN01164139,PRJNA66167,SAMN01164139,CNS E18,0.0,1690834146610380811,0.0964,25670,0.0963644,12190,12190_SAMN00849389,PRJNA66167,SAMN00849389,colon adult,0.0,1690834146610380808,0.517,386309,0.517319,12190,12190_SAMN01164132,PRJNA66167,SAMN01164132,cortex adult,0.0,1690834146611429386,0.0797,22493,0.0796607,12190,12190_SAMN00849378,PRJNA66167,SAMN00849378,duodenum adult,0.0,1690834146610380809,0.58,452311,0.579914,12190,12190_SAMN01164131,PRJNA66167,SAMN01164131,frontal Lobe adult,0.0,1690834146611429383,0.173,54036,0.172993,12190,12190_SAMN00849381,PRJNA66167,SAMN00849381,genital fat pad adult,0.0,1690834146610380810,0.101,29270,0.101121,12190,12190_SAMN00849390,PRJNA66167,SAMN00849390,heart adult,0.0,1690834146611429379,0.122,50488,0.122219,12190,12190_SAMN00849385,PRJNA66167,SAMN00849385,kidney adult,0.0,1690834146611429384,0.182,56762,0.18179,12190,12190_SAMN00849380,PRJNA66167,SAMN00849380,Large Intestine adult,0.0,1690834146610380803,1.07,921100,1.07497,12190,12190_SAMN01164137,PRJNA66167,SAMN01164137,limb E14.5,0.0,1690834146611429378,0.189,69268,0.188617,12190,12190_SAMN00849386,PRJNA66167,SAMN00849386,liver adult,0.0,1690834146610380800,1.31,955838,1.30874,12190,12190_SAMN01164140,PRJNA66167,SAMN01164140,liver E14.5,0.0,1690834146609332232,1.57,1660980,1.56673,12190,12190_SAMN01164143,PRJNA66167,SAMN01164143,liver E14,0.0,1690834146610380805,0.744,803200,0.744037,12190,12190_SAMN01164135,PRJNA66167,SAMN01164135,liver E18,0.0,1690834146611429377,0.11,28365,0.109881,12190,12190_SAMN00849387,PRJNA66167,SAMN00849387,lung adult,0.0,1690834146612477953,0.12,32847,0.120262,12190,12190_SAMN00849375,PRJNA66167,SAMN00849375,mammary gland adult,0.0,1690834146612477954,0.269,57137,0.268564,12190,12190_SAMN00849374,PRJNA66167,SAMN00849374,ovary adult,0.0,1690834146610380806,0.628,754292,0.627956,12190,12190_SAMN01164134,PRJNA66167,SAMN01164134,placenta adult,0.0,1690834146611429387,0.0694,19972,0.0694454,12190,12190_SAMN00849377,PRJNA66167,SAMN00849377,small intestine adult,0.0,1690834146611429376,0.23,79405,0.23007,12190,12190_SAMN00849388,PRJNA66167,SAMN00849388,spleen adult,0.0,1690834146612477952,0.0586,19190,0.058594,12190,12190_SAMN00849376,PRJNA66167,SAMN00849376,stomach adult,0.0,1690834146611429382,0.2,62459,0.199626,12190,12190_SAMN00849382,PRJNA66167,SAMN00849382,subcutaneous fat pad adult,0.0,1690834146611429380,1.52,452355,1.52157,12190,12190_SAMN00849384,PRJNA66167,SAMN00849384,testis adult,0.0,1690834146611429381,0.383,143373,0.383016,12190,12190_SAMN00849383,PRJNA66167,SAMN00849383,thymus adult,0.0,1690834146609332234,0.707,595313,0.706901,12190,12190_SAMN01164141,PRJNA66167,SAMN01164141,whole brain E14.5,0.0
107392,Brms1,1690834189020037129,10.3,433598,10.3282,107392,107392_SAMN00849379,PRJNA66167,SAMN00849379,adrenal adult,0.0,1690834189018988552,8.52,966407,8.51729,107392,107392_SAMN01164133,PRJNA66167,SAMN01164133,bladder adult,0.0,1690834189018988549,4.55,448587,4.54676,107392,107392_SAMN01164136,PRJNA66167,SAMN01164136,cerebellum adult,0.0,1690834189017939979,13.9,1944488,13.9129,107392,107392_SAMN01164142,PRJNA66167,SAMN01164142,CNS E11.5,0.0,1690834189018988547,10.0,1415003,10.035,107392,107392_SAMN01164138,PRJNA66167,SAMN01164138,CNS E14,0.0,1690834189018988546,5.92,809353,5.91793,107392,107392_SAMN01164139,PRJNA66167,SAMN01164139,CNS E18,0.0,1690834189018988556,15.1,593715,15.0638,107392,107392_SAMN00849389,PRJNA66167,SAMN00849389,colon adult,0.0,1690834189018988553,6.61,730529,6.6119,107392,107392_SAMN01164132,PRJNA66167,SAMN01164132,cortex adult,0.0,1690834189020037130,15.0,628354,15.0406,107392,107392_SAMN00849378,PRJNA66167,SAMN00849378,duodenum adult,0.0,1690834189018988554,6.7,773183,6.69999,107392,107392_SAMN01164131,PRJNA66167,SAMN01164131,frontal Lobe adult,0.0,1690834189020037127,8.81,407072,8.80807,107392,107392_SAMN00849381,PRJNA66167,SAMN00849381,genital fat pad adult,0.0,1690834189018988555,4.26,182356,4.258,107392,107392_SAMN00849390,PRJNA66167,SAMN00849390,heart adult,0.0,1690834189020037123,10.3,629742,10.3034,107392,107392_SAMN00849385,PRJNA66167,SAMN00849385,kidney adult,0.0,1690834189020037128,14.5,671447,14.5342,107392,107392_SAMN00849380,PRJNA66167,SAMN00849380,Large Intestine adult,0.0,1690834189018988548,7.42,940126,7.41548,107392,107392_SAMN01164137,PRJNA66167,SAMN01164137,limb E14.5,0.0,1690834189020037122,6.19,336434,6.19174,107392,107392_SAMN00849386,PRJNA66167,SAMN00849386,liver adult,0.0,1690834189018988545,9.2,994399,9.20227,107392,107392_SAMN01164140,PRJNA66167,SAMN01164140,liver E14.5,0.0,1690834189017939978,9.26,1451945,9.25644,107392,107392_SAMN01164143,PRJNA66167,SAMN01164143,liver E14,0.0,1690834189018988550,5.98,955814,5.98425,107392,107392_SAMN01164135,PRJNA66167,SAMN01164135,liver E18,0.0,1690834189020037121,11.7,446453,11.6891,107392,107392_SAMN00849387,PRJNA66167,SAMN00849387,lung adult,0.0,1690834189021085697,9.49,383516,9.49032,107392,107392_SAMN00849375,PRJNA66167,SAMN00849375,mammary gland adult,0.0,1690834189021085698,10.4,328450,10.4343,107392,107392_SAMN00849374,PRJNA66167,SAMN00849374,ovary adult,0.0,1690834189018988551,11.9,2113377,11.8914,107392,107392_SAMN01164134,PRJNA66167,SAMN01164134,placenta adult,0.0,1690834189020037131,10.4,442040,10.3884,107392,107392_SAMN00849377,PRJNA66167,SAMN00849377,small intestine adult,0.0,1690834189020037120,12.7,650907,12.7467,107392,107392_SAMN00849388,PRJNA66167,SAMN00849388,spleen adult,0.0,1690834189021085696,31.2,1510221,31.1662,107392,107392_SAMN00849376,PRJNA66167,SAMN00849376,stomach adult,0.0,1690834189020037126,7.78,360179,7.78048,107392,107392_SAMN00849382,PRJNA66167,SAMN00849382,subcutaneous fat pad adult,0.0,1690834189020037124,61.2,2692023,61.2008,107392,107392_SAMN00849384,PRJNA66167,SAMN00849384,testis adult,0.0,1690834189020037125,13.2,730308,13.1862,107392,107392_SAMN00849383,PRJNA66167,SAMN00849383,thymus adult,0.0,1690834189018988544,7.95,990564,7.94988,107392,107392_SAMN01164141,PRJNA66167,SAMN01164141,whole brain E14.5,0.0
52592,Brms1l,1690834164740259849,2.79,170431,2.7909,52592,52592_SAMN00849379,PRJNA66167,SAMN00849379,adrenal adult,0.0,1690834164739211271,11.7,1937784,11.741,52592,52592_SAMN01164133,PRJNA66167,SAMN01164133,bladder adult,0.0,1690834164739211268,19.1,2736135,19.0656,52592,52592_SAMN01164136,PRJNA66167,SAMN01164136,cerebellum adult,0.0,1690834164738162699,18.0,3651142,17.9597,52592,52592_SAMN01164142,PRJNA66167,SAMN01164142,CNS E11.5,0.0,1690834164739211266,20.6,4232576,20.6358,52592,52592_SAMN01164138,PRJNA66167,SAMN01164138,CNS E14,0.0,1690834164739211265,23.2,4609325,23.1701,52592,52592_SAMN01164139,PRJNA66167,SAMN01164139,CNS E18,0.0,1690834164739211275,1.61,92020,1.60508,52592,52592_SAMN00849389,PRJNA66167,SAMN00849389,colon adult,0.0,1690834164739211272,17.4,2798966,17.4158,52592,52592_SAMN01164132,PRJNA66167,SAMN01164132,cortex adult,0.0,1690834164740259850,0.637,38730,0.637335,52592,52592_SAMN00849378,PRJNA66167,SAMN00849378,duodenum adult,0.0,1690834164739211273,20.6,3464335,20.6381,52592,52592_SAMN01164131,PRJNA66167,SAMN01164131,frontal Lobe adult,0.0,1690834164740259847,5.15,346381,5.15254,52592,52592_SAMN00849381,PRJNA66167,SAMN00849381,genital fat pad adult,0.0,1690834164739211274,5.64,351230,5.63813,52592,52592_SAMN00849390,PRJNA66167,SAMN00849390,heart adult,0.0,1690834164740259843,4.41,391803,4.407,52592,52592_SAMN00849385,PRJNA66167,SAMN00849385,kidney adult,0.0,1690834164740259848,2.44,164226,2.44387,52592,52592_SAMN00849380,PRJNA66167,SAMN00849380,Large Intestine adult,0.0,1690834164739211267,16.9,3119841,16.9178,52592,52592_SAMN01164137,PRJNA66167,SAMN01164137,limb E14.5,0.0,1690834164740259842,0.911,72027,0.91131,52592,52592_SAMN00849386,PRJNA66167,SAMN00849386,liver adult,0.0,1690834164739211264,7.04,1107017,7.04282,52592,52592_SAMN01164140,PRJNA66167,SAMN01164140,liver E14.5,0.0,1690834164738162698,8.26,1883937,8.25693,52592,52592_SAMN01164143,PRJNA66167,SAMN01164143,liver E14,0.0,1690834164739211269,4.64,1077698,4.63865,52592,52592_SAMN01164135,PRJNA66167,SAMN01164135,liver E18,0.0,1690834164740259841,5.54,307600,5.5367,52592,52592_SAMN00849387,PRJNA66167,SAMN00849387,lung adult,0.0,1690834164741308416,4.62,271692,4.62203,52592,52592_SAMN00849375,PRJNA66167,SAMN00849375,mammary gland adult,0.0,1690834164741308417,4.7,215155,4.699,52592,52592_SAMN00849374,PRJNA66167,SAMN00849374,ovary adult,0.0,1690834164739211270,13.8,3562028,13.7788,52592,52592_SAMN01164134,PRJNA66167,SAMN01164134,placenta adult,0.0,1690834164740259851,0.45,27861,0.450134,52592,52592_SAMN00849377,PRJNA66167,SAMN00849377,small intestine adult,0.0,1690834164740259840,2.56,189795,2.55517,52592,52592_SAMN00849388,PRJNA66167,SAMN00849388,spleen adult,0.0,1690834164740259852,1.02,71623,1.01614,52592,52592_SAMN00849376,PRJNA66167,SAMN00849376,stomach adult,0.0,1690834164740259846,5.51,371073,5.51068,52592,52592_SAMN00849382,PRJNA66167,SAMN00849382,subcutaneous fat pad adult,0.0,1690834164740259844,4.84,309705,4.84044,52592,52592_SAMN00849384,PRJNA66167,SAMN00849384,testis adult,0.0,1690834164740259845,4.87,392074,4.86677,52592,52592_SAMN00849383,PRJNA66167,SAMN00849383,thymus adult,0.0,1690834164738162700,17.3,3140440,17.3271,52592,52592_SAMN01164141,PRJNA66167,SAMN01164141,whole brain E14.5,0.0
71213,Cage1,1690834176633208835,0.219,20129,0.219021,71213,71213_SAMN00849379,PRJNA66167,SAMN00849379,adrenal adult,0.0,1690834176632160258,0.321,79726,0.320972,71213,71213_SAMN01164133,PRJNA66167,SAMN01164133,bladder adult,0.0,1690834176631111693,0.149,32267,0.149396,71213,71213_SAMN01164136,PRJNA66167,SAMN01164136,cerebellum adult,0.0,1690834176631111687,0.234,71517,0.233747,71213,71213_SAMN01164142,PRJNA66167,SAMN01164142,CNS E11.5,0.0,1690834176631111691,0.35,108042,0.350007,71213,71213_SAMN01164138,PRJNA66167,SAMN01164138,CNS E14,0.0,1690834176631111690,0.366,109540,0.365873,71213,71213_SAMN01164139,PRJNA66167,SAMN01164139,CNS E18,0.0,1690834176632160262,0.157,13546,0.156997,71213,71213_SAMN00849389,PRJNA66167,SAMN00849389,colon adult,0.0,1690834176632160259,0.392,94731,0.391657,71213,71213_SAMN01164132,PRJNA66167,SAMN01164132,cortex adult,0.0,1690834176633208836,0.0663,6064,0.066305,71213,71213_SAMN00849378,PRJNA66167,SAMN00849378,duodenum adult,0.0,1690834176632160260,0.364,92020,0.36425,71213,71213_SAMN01164131,PRJNA66167,SAMN01164131,frontal Lobe adult,0.0,1690834176633208833,0.436,44114,0.436025,71213,71213_SAMN00849381,PRJNA66167,SAMN00849381,genital fat pad adult,0.0,1690834176632160261,0.0712,6679,0.0712397,71213,71213_SAMN00849390,PRJNA66167,SAMN00849390,heart adult,0.0,1690834176632160266,0.116,15492,0.115784,71213,71213_SAMN00849385,PRJNA66167,SAMN00849385,kidney adult,0.0,1690834176633208834,0.079,7989,0.0789944,71213,71213_SAMN00849380,PRJNA66167,SAMN00849380,Large Intestine adult,0.0,1690834176631111692,0.143,39641,0.142831,71213,71213_SAMN01164137,PRJNA66167,SAMN01164137,limb E14.5,0.0,1690834176632160265,0.047,5590,0.0469948,71213,71213_SAMN00849386,PRJNA66167,SAMN00849386,liver adult,0.0,1690834176631111689,0.0907,21451,0.0906791,71213,71213_SAMN01164140,PRJNA66167,SAMN01164140,liver E14.5,0.0,1690834176631111686,0.0962,33025,0.096175,71213,71213_SAMN01164143,PRJNA66167,SAMN01164143,liver E14,0.0,1690834176632160256,0.072,25163,0.0719654,71213,71213_SAMN01164135,PRJNA66167,SAMN01164135,liver E18,0.0,1690834176632160264,0.194,16233,0.194147,71213,71213_SAMN00849387,PRJNA66167,SAMN00849387,lung adult,0.0,1690834176633208839,0.13,11536,0.1304,71213,71213_SAMN00849375,PRJNA66167,SAMN00849375,mammary gland adult,0.0,1690834176633208840,0.249,17184,0.249371,71213,71213_SAMN00849374,PRJNA66167,SAMN00849374,ovary adult,0.0,1690834176632160257,0.0703,27349,0.0702946,71213,71213_SAMN01164134,PRJNA66167,SAMN01164134,placenta adult,0.0,1690834176633208837,0.0516,4810,0.0516366,71213,71213_SAMN00849377,PRJNA66167,SAMN00849377,small intestine adult,0.0,1690834176632160263,0.126,14120,0.12631,71213,71213_SAMN00849388,PRJNA66167,SAMN00849388,spleen adult,0.0,1690834176633208838,0.0573,6079,0.0573062,71213,71213_SAMN00849376,PRJNA66167,SAMN00849376,stomach adult,0.0,1690834176633208832,0.108,10933,0.107883,71213,71213_SAMN00849382,PRJNA66167,SAMN00849382,subcutaneous fat pad adult,0.0,1690834176632160267,17.1,1650331,17.1386,71213,71213_SAMN00849384,PRJNA66167,SAMN00849384,testis adult,0.0,1690834176632160268,0.0812,9848,0.0812247,71213,71213_SAMN00849383,PRJNA66167,SAMN00849383,thymus adult,0.0,1690834176631111688,0.293,79793,0.292529,71213,71213_SAMN01164141,PRJNA66167,SAMN01164141,whole brain E14.5,0.0
320662,Casc1,1690834204779085830,0.0198,3620,0.0198454,320662,320662_SAMN00849379,PRJNA66167,SAMN00849379,adrenal adult,0.0,1690834204778037254,0.221,108734,0.220556,320662,320662_SAMN01164133,PRJNA66167,SAMN01164133,bladder adult,0.0,1690834204778037251,0.159,68335,0.159408,320662,320662_SAMN01164136,PRJNA66167,SAMN01164136,cerebellum adult,0.0,1690834204776988683,0.228,138470,0.228024,320662,320662_SAMN01164142,PRJNA66167,SAMN01164142,CNS E11.5,0.0,1690834204778037249,0.235,143835,0.234766,320662,320662_SAMN01164138,PRJNA66167,SAMN01164138,CNS E14,0.0,1690834204778037248,0.196,116271,0.195666,320662,320662_SAMN01164139,PRJNA66167,SAMN01164139,CNS E18,0.0,1690834204778037258,1.2,204880,1.19638,320662,320662_SAMN00849389,PRJNA66167,SAMN00849389,colon adult,0.0,1690834204778037255,0.154,74038,0.154225,320662,320662_SAMN01164132,PRJNA66167,SAMN01164132,cortex adult,0.0,1690834204779085831,0.0161,2917,0.0160698,320662,320662_SAMN00849378,PRJNA66167,SAMN00849378,duodenum adult,0.0,1690834204778037256,0.175,87845,0.175195,320662,320662_SAMN01164131,PRJNA66167,SAMN01164131,frontal Lobe adult,0.0,1690834204779085828,0.557,111904,0.557273,320662,320662_SAMN00849381,PRJNA66167,SAMN00849381,genital fat pad adult,0.0,1690834204778037257,0.33,61339,0.329636,320662,320662_SAMN00849390,PRJNA66167,SAMN00849390,heart adult,0.0,1690834204779085824,0.0717,19036,0.0716813,320662,320662_SAMN00849385,PRJNA66167,SAMN00849385,kidney adult,0.0,1690834204779085829,0.511,102494,0.51061,320662,320662_SAMN00849380,PRJNA66167,SAMN00849380,Large Intestine adult,0.0,1690834204778037250,0.138,75903,0.137792,320662,320662_SAMN01164137,PRJNA66167,SAMN01164137,limb E14.5,0.0,1690834204778037261,0.0988,23332,0.0988273,320662,320662_SAMN00849386,PRJNA66167,SAMN00849386,liver adult,0.0,1690834204776988685,0.364,171019,0.364243,320662,320662_SAMN01164140,PRJNA66167,SAMN01164140,liver E14.5,0.0,1690834204776988682,0.0747,50926,0.0747216,320662,320662_SAMN01164143,PRJNA66167,SAMN01164143,liver E14,0.0,1690834204778037252,0.0533,36974,0.0532777,320662,320662_SAMN01164135,PRJNA66167,SAMN01164135,liver E18,0.0,1690834204778037260,1.09,181674,1.09474,320662,320662_SAMN00849387,PRJNA66167,SAMN00849387,lung adult,0.0,1690834204779085834,1.49,261872,1.49142,320662,320662_SAMN00849375,PRJNA66167,SAMN00849375,mammary gland adult,0.0,1690834204779085835,0.805,110152,0.805379,320662,320662_SAMN00849374,PRJNA66167,SAMN00849374,ovary adult,0.0,1690834204778037253,0.136,105109,0.136115,320662,320662_SAMN01164134,PRJNA66167,SAMN01164134,placenta adult,0.0,1690834204779085832,0.0329,6080,0.0328854,320662,320662_SAMN00849377,PRJNA66167,SAMN00849377,small intestine adult,0.0,1690834204778037259,4.68,1038564,4.68083,320662,320662_SAMN00849388,PRJNA66167,SAMN00849388,spleen adult,0.0,1690834204779085833,0.0272,5730,0.0272152,320662,320662_SAMN00849376,PRJNA66167,SAMN00849376,stomach adult,0.0,1690834204779085827,0.236,47487,0.236089,320662,320662_SAMN00849382,PRJNA66167,SAMN00849382,subcutaneous fat pad adult,0.0,1690834204779085825,5.22,997682,5.22015,320662,320662_SAMN00849384,PRJNA66167,SAMN00849384,testis adult,0.0,1690834204779085826,0.345,83048,0.345109,320662,320662_SAMN00849383,PRJNA66167,SAMN00849383,thymus adult,0.0,1690834204776988684,0.211,114289,0.211103,320662,320662_SAMN01164141,PRJNA66167,SAMN01164141,whole brain E14.5,0.0
192160,Casc3,1690834191310127105,15.6,1319741,15.634,192160,192160_SAMN00849379,PRJNA66167,SAMN00849379,adrenal adult,0.0,1690834191309078531,10.4,2376077,10.4146,192160,192160_SAMN01164133,PRJNA66167,SAMN01164133,bladder adult,0.0,1690834191309078528,14.2,2816549,14.1976,192160,192160_SAMN01164136,PRJNA66167,SAMN01164136,cerebellum adult,0.0,1690834191308029962,21.9,6164569,21.936,192160,192160_SAMN01164142,PRJNA66167,SAMN01164142,CNS E11.5,0.0,1690834191308029966,23.9,6779148,23.9098,192160,192160_SAMN01164138,PRJNA66167,SAMN01164138,CNS E14,0.0,1690834191308029965,16.5,4543414,16.5218,192160,192160_SAMN01164139,PRJNA66167,SAMN01164139,CNS E18,0.0,1690834191309078535,14.8,1174022,14.8141,192160,192160_SAMN00849389,PRJNA66167,SAMN00849389,colon adult,0.0,1690834191309078532,10.8,2400430,10.8049,192160,192160_SAMN01164132,PRJNA66167,SAMN01164132,cortex adult,0.0,1690834191310127106,10.6,889324,10.5868,192160,192160_SAMN00849378,PRJNA66167,SAMN00849378,duodenum adult,0.0,1690834191309078533,12.0,2784159,11.9985,192160,192160_SAMN01164131,PRJNA66167,SAMN01164131,frontal Lobe adult,0.0,1690834191309078543,9.12,847345,9.11827,192160,192160_SAMN00849381,PRJNA66167,SAMN00849381,genital fat pad adult,0.0,1690834191309078534,7.25,624044,7.24675,192160,192160_SAMN00849390,PRJNA66167,SAMN00849390,heart adult,0.0,1690834191309078539,9.37,1151522,9.36984,192160,192160_SAMN00849385,PRJNA66167,SAMN00849385,kidney adult,0.0,1690834191310127104,10.6,982400,10.5757,192160,192160_SAMN00849380,PRJNA66167,SAMN00849380,Large Intestine adult,0.0,1690834191308029967,18.7,4760153,18.6731,192160,192160_SAMN01164137,PRJNA66167,SAMN01164137,limb E14.5,0.0,1690834191309078538,5.2,568368,5.20217,192160,192160_SAMN00849386,PRJNA66167,SAMN00849386,liver adult,0.0,1690834191308029964,9.34,2028507,9.33584,192160,192160_SAMN01164140,PRJNA66167,SAMN01164140,liver E14.5,0.0,1690834191308029961,9.07,2859555,9.0664,192160,192160_SAMN01164143,PRJNA66167,SAMN01164143,liver E14,0.0,1690834191309078529,6.08,1951509,6.07644,192160,192160_SAMN01164135,PRJNA66167,SAMN01164135,liver E18,0.0,1690834191309078537,17.5,1346064,17.5273,192160,192160_SAMN00849387,PRJNA66167,SAMN00849387,lung adult,0.0,1690834191310127109,16.3,1325597,16.3137,192160,192160_SAMN00849375,PRJNA66167,SAMN00849375,mammary gland adult,0.0,1690834191310127110,16.3,1031444,16.2961,192160,192160_SAMN00849374,PRJNA66167,SAMN00849374,ovary adult,0.0,1690834191309078530,8.91,3183764,8.90919,192160,192160_SAMN01164134,PRJNA66167,SAMN01164134,placenta adult,0.0,1690834191310127107,8.05,688541,8.04747,192160,192160_SAMN00849377,PRJNA66167,SAMN00849377,small intestine adult,0.0,1690834191309078536,16.0,1644806,16.019,192160,192160_SAMN00849388,PRJNA66167,SAMN00849388,spleen adult,0.0,1690834191310127108,9.73,947828,9.72783,192160,192160_SAMN00849376,PRJNA66167,SAMN00849376,stomach adult,0.0,1690834191309078542,11.5,1066857,11.4614,192160,192160_SAMN00849382,PRJNA66167,SAMN00849382,subcutaneous fat pad adult,0.0,1690834191309078540,10.7,945262,10.6874,192160,192160_SAMN00849384,PRJNA66167,SAMN00849384,testis adult,0.0,1690834191309078541,23.8,2649939,23.7954,192160,192160_SAMN00849383,PRJNA66167,SAMN00849383,thymus adult,0.0,1690834191308029963,21.0,5272283,21.0436,192160,192160_SAMN01164141,PRJNA66167,SAMN01164141,whole brain E14.5,0.0
75013,Ct55,1690834181935857673,0.0,0,0.0,75013,75013_SAMN00849379,PRJNA66167,SAMN00849379,adrenal adult,0.0,1690834181934809097,0.00404,403,0.00403533,75013,75013_SAMN01164133,PRJNA66167,SAMN01164133,bladder adult,0.0,1690834181934809094,0.104,9041,0.104113,75013,75013_SAMN01164136,PRJNA66167,SAMN01164136,cerebellum adult,0.0,1690834181934809088,0.0525,6454,0.0524654,75013,75013_SAMN01164142,PRJNA66167,SAMN01164142,CNS E11.5,0.0,1690834181934809092,0.0353,4382,0.0353072,75013,75013_SAMN01164138,PRJNA66167,SAMN01164138,CNS E14,0.0,1690834181934809091,0.0694,8358,0.0694331,75013,75013_SAMN01164139,PRJNA66167,SAMN01164139,CNS E18,0.0,1690834181934809101,0.0117,406,0.0117035,75013,75013_SAMN00849389,PRJNA66167,SAMN00849389,colon adult,0.0,1690834181934809098,0.059,5734,0.0589629,75013,75013_SAMN01164132,PRJNA66167,SAMN01164132,cortex adult,0.0,1690834181935857674,0.0,0,0.0,75013,75013_SAMN00849378,PRJNA66167,SAMN00849378,duodenum adult,0.0,1690834181934809099,0.121,12271,0.12081,75013,75013_SAMN01164131,PRJNA66167,SAMN01164131,frontal Lobe adult,0.0,1690834181935857671,0.00713,290,0.00712919,75013,75013_SAMN00849381,PRJNA66167,SAMN00849381,genital fat pad adult,0.0,1690834181934809100,0.00602,227,0.00602204,75013,75013_SAMN00849390,PRJNA66167,SAMN00849390,heart adult,0.0,1690834181935857667,0.00381,205,0.00381069,75013,75013_SAMN00849385,PRJNA66167,SAMN00849385,kidney adult,0.0,1690834181935857672,0.0,0,0.0,75013,75013_SAMN00849380,PRJNA66167,SAMN00849380,Large Intestine adult,0.0,1690834181934809093,0.0623,6957,0.0623458,75013,75013_SAMN01164137,PRJNA66167,SAMN01164137,limb E14.5,0.0,1690834181935857666,0.0,0,0.0,75013,75013_SAMN00849386,PRJNA66167,SAMN00849386,liver adult,0.0,1690834181934809090,0.0244,2319,0.0243819,75013,75013_SAMN01164140,PRJNA66167,SAMN01164140,liver E14.5,0.0,1690834181933760525,0.016,2215,0.0160435,75013,75013_SAMN01164143,PRJNA66167,SAMN01164143,liver E14,0.0,1690834181934809095,0.0413,5806,0.0412996,75013,75013_SAMN01164135,PRJNA66167,SAMN01164135,liver E18,0.0,1690834181935857665,0.0136,456,0.0135645,75013,75013_SAMN00849387,PRJNA66167,SAMN00849387,lung adult,0.0,1690834181936906240,0.00475,169,0.00475135,75013,75013_SAMN00849375,PRJNA66167,SAMN00849375,mammary gland adult,0.0,1690834181936906241,0.134,3725,0.134448,75013,75013_SAMN00849374,PRJNA66167,SAMN00849374,ovary adult,0.0,1690834181934809096,2.03,317815,2.03171,75013,75013_SAMN01164134,PRJNA66167,SAMN01164134,placenta adult,0.0,1690834181935857675,0.0,0,0.0,75013,75013_SAMN00849377,PRJNA66167,SAMN00849377,small intestine adult,0.0,1690834181935857664,0.0,0,0.0,75013,75013_SAMN00849388,PRJNA66167,SAMN00849388,spleen adult,0.0,1690834181935857676,0.0,0,0.0,75013,75013_SAMN00849376,PRJNA66167,SAMN00849376,stomach adult,0.0,1690834181935857670,0.0148,605,0.0148483,75013,75013_SAMN00849382,PRJNA66167,SAMN00849382,subcutaneous fat pad adult,0.0,1690834181935857668,1.64,63546,1.64134,75013,75013_SAMN00849384,PRJNA66167,SAMN00849384,testis adult,0.0,1690834181935857669,0.0,0,0.0,75013,75013_SAMN00849383,PRJNA66167,SAMN00849383,thymus adult,0.0,1690834181934809089,0.0291,3192,0.0291054,75013,75013_SAMN01164141,PRJNA66167,SAMN01164141,whole brain E14.5,0.0
70062,Ctag2,1690834175647547395,0.0,0,0.0,70062,70062_SAMN00849379,PRJNA66167,SAMN00849379,adrenal adult,0.0,1690834175646498818,0.0,0,0.0,70062,70062_SAMN01164133,PRJNA66167,SAMN01164133,bladder adult,0.0,1690834175645450253,0.0,0,0.0,70062,70062_SAMN01164136,PRJNA66167,SAMN01164136,cerebellum adult,0.0,1690834175645450247,0.0,0,0.0,70062,70062_SAMN01164142,PRJNA66167,SAMN01164142,CNS E11.5,0.0,1690834175645450251,0.0,0,0.0,70062,70062_SAMN01164138,PRJNA66167,SAMN01164138,CNS E14,0.0,1690834175645450250,0.0,0,0.0,70062,70062_SAMN01164139,PRJNA66167,SAMN01164139,CNS E18,0.0,1690834175646498822,0.0,0,0.0,70062,70062_SAMN00849389,PRJNA66167,SAMN00849389,colon adult,0.0,1690834175646498819,0.0,0,0.0,70062,70062_SAMN01164132,PRJNA66167,SAMN01164132,cortex adult,0.0,1690834175647547396,0.0,0,0.0,70062,70062_SAMN00849378,PRJNA66167,SAMN00849378,duodenum adult,0.0,1690834175646498820,0.0,0,0.0,70062,70062_SAMN01164131,PRJNA66167,SAMN01164131,frontal Lobe adult,0.0,1690834175647547393,0.0821,1748,0.0821328,70062,70062_SAMN00849381,PRJNA66167,SAMN00849381,genital fat pad adult,0.0,1690834175646498821,0.0,0,0.0,70062,70062_SAMN00849390,PRJNA66167,SAMN00849390,heart adult,0.0,1690834175646498826,0.0283,796,0.0282811,70062,70062_SAMN00849385,PRJNA66167,SAMN00849385,kidney adult,0.0,1690834175647547394,0.0,0,0.0,70062,70062_SAMN00849380,PRJNA66167,SAMN00849380,Large Intestine adult,0.0,1690834175645450252,0.0,0,0.0,70062,70062_SAMN01164137,PRJNA66167,SAMN01164137,limb E14.5,0.0,1690834175646498825,0.0,0,0.0,70062,70062_SAMN00849386,PRJNA66167,SAMN00849386,liver adult,0.0,1690834175645450249,0.0,0,0.0,70062,70062_SAMN01164140,PRJNA66167,SAMN01164140,liver E14.5,0.0,1690834175645450246,0.0,0,0.0,70062,70062_SAMN01164143,PRJNA66167,SAMN01164143,liver E14,0.0,1690834175646498816,0.0,0,0.0,70062,70062_SAMN01164135,PRJNA66167,SAMN01164135,liver E18,0.0,1690834175646498824,0.0,0,0.0,70062,70062_SAMN00849387,PRJNA66167,SAMN00849387,lung adult,0.0,1690834175647547399,0.0,0,0.0,70062,70062_SAMN00849375,PRJNA66167,SAMN00849375,mammary gland adult,0.0,1690834175647547400,0.0,0,0.0,70062,70062_SAMN00849374,PRJNA66167,SAMN00849374,ovary adult,0.0,1690834175646498817,0.0,0,0.0,70062,70062_SAMN01164134,PRJNA66167,SAMN01164134,placenta adult,0.0,1690834175647547397,0.0,0,0.0,70062,70062_SAMN00849377,PRJNA66167,SAMN00849377,small intestine adult,0.0,1690834175646498823,0.0,0,0.0,70062,70062_SAMN00849388,PRJNA66167,SAMN00849388,spleen adult,0.0,1690834175647547398,0.0,0,0.0,70062,70062_SAMN00849376,PRJNA66167,SAMN00849376,stomach adult,0.0,1690834175647547392,0.0,0,0.0,70062,70062_SAMN00849382,PRJNA66167,SAMN00849382,subcutaneous fat pad adult,0.0,1690834175646498827,56.6,1146591,56.6047,70062,70062_SAMN00849384,PRJNA66167,SAMN00849384,testis adult,0.0,1690834175646498828,0.0,0,0.0,70062,70062_SAMN00849383,PRJNA66167,SAMN00849383,thymus adult,0.0,1690834175645450248,0.0,0,0.0,70062,70062_SAMN01164141,PRJNA66167,SAMN01164141,whole brain E14.5,0.0
50768,Dlc1,1690834164329218048,3.11,1235944,3.10711,50768,50768_SAMN00849379,PRJNA66167,SAMN00849379,adrenal adult,0.0,1690834164327120899,2.89,3111497,2.89422,50768,50768_SAMN01164133,PRJNA66167,SAMN01164133,bladder adult,0.0,1690834164327120896,2.27,2122174,2.27016,50768,50768_SAMN01164136,PRJNA66167,SAMN01164136,cerebellum adult,0.0,1690834164326072322,1.28,1701498,1.28488,50768,50768_SAMN01164142,PRJNA66167,SAMN01164142,CNS E11.5,0.0,1690834164326072326,0.963,1287268,0.963491,50768,50768_SAMN01164138,PRJNA66167,SAMN01164138,CNS E14,0.0,1690834164326072325,0.765,991531,0.765171,50768,50768_SAMN01164139,PRJNA66167,SAMN01164139,CNS E18,0.0,1690834164327120903,0.983,367038,0.98285,50768,50768_SAMN00849389,PRJNA66167,SAMN00849389,colon adult,0.0,1690834164327120900,1.84,1929871,1.84347,50768,50768_SAMN01164132,PRJNA66167,SAMN01164132,cortex adult,0.0,1690834164329218049,0.351,138839,0.350747,50768,50768_SAMN00849378,PRJNA66167,SAMN00849378,duodenum adult,0.0,1690834164327120901,2.57,2807519,2.56764,50768,50768_SAMN01164131,PRJNA66167,SAMN01164131,frontal Lobe adult,0.0,1690834164328169479,5.51,2413695,5.51204,50768,50768_SAMN00849381,PRJNA66167,SAMN00849381,genital fat pad adult,0.0,1690834164327120902,4.25,1723301,4.24685,50768,50768_SAMN00849390,PRJNA66167,SAMN00849390,heart adult,0.0,1690834164328169475,2.07,1199077,2.07054,50768,50768_SAMN00849385,PRJNA66167,SAMN00849385,kidney adult,0.0,1690834164328169480,0.748,327412,0.747986,50768,50768_SAMN00849380,PRJNA66167,SAMN00849380,Large Intestine adult,0.0,1690834164326072327,3.07,3683834,3.06671,50768,50768_SAMN01164137,PRJNA66167,SAMN01164137,limb E14.5,0.0,1690834164328169474,1.45,744174,1.44546,50768,50768_SAMN00849386,PRJNA66167,SAMN00849386,liver adult,0.0,1690834164326072324,0.725,741801,0.724506,50768,50768_SAMN01164140,PRJNA66167,SAMN01164140,liver E14.5,0.0,1690834164326072321,0.715,1062858,0.715137,50768,50768_SAMN01164143,PRJNA66167,SAMN01164143,liver E14,0.0,1690834164327120897,0.91,1377662,0.91033,50768,50768_SAMN01164135,PRJNA66167,SAMN01164135,liver E18,0.0,1690834164328169473,9.51,3443047,9.51414,50768,50768_SAMN00849387,PRJNA66167,SAMN00849387,lung adult,0.0,1690834164329218052,3.93,1504930,3.93038,50768,50768_SAMN00849375,PRJNA66167,SAMN00849375,mammary gland adult,0.0,1690834164329218053,2.9,863723,2.89594,50768,50768_SAMN00849374,PRJNA66167,SAMN00849374,ovary adult,0.0,1690834164327120898,1.38,2327372,1.3821,50768,50768_SAMN01164134,PRJNA66167,SAMN01164134,placenta adult,0.0,1690834164329218050,0.435,175563,0.435452,50768,50768_SAMN00849377,PRJNA66167,SAMN00849377,small intestine adult,0.0,1690834164328169472,0.677,327740,0.677372,50768,50768_SAMN00849388,PRJNA66167,SAMN00849388,spleen adult,0.0,1690834164329218051,0.492,225702,0.491586,50768,50768_SAMN00849376,PRJNA66167,SAMN00849376,stomach adult,0.0,1690834164328169478,7.98,3502088,7.98427,50768,50768_SAMN00849382,PRJNA66167,SAMN00849382,subcutaneous fat pad adult,0.0,1690834164328169476,0.165,68781,0.165032,50768,50768_SAMN00849384,PRJNA66167,SAMN00849384,testis adult,0.0,1690834164328169477,0.413,216652,0.412855,50768,50768_SAMN00849383,PRJNA66167,SAMN00849383,thymus adult,0.0,1690834164326072323,0.806,952044,0.806409,50768,50768_SAMN01164141,PRJNA66167,SAMN01164141,whole brain E14.5,0.0
320256,Dlec1,1690834204176154628,0.536,87257,0.535509,320256,320256_SAMN00849379,PRJNA66167,SAMN00849379,adrenal adult,0.0,1690834204175106050,1.82,801357,1.81968,320256,320256_SAMN01164133,PRJNA66167,SAMN01164133,bladder adult,0.0,1690834204174057483,0.205,78478,0.204943,320256,320256_SAMN01164136,PRJNA66167,SAMN01164136,cerebellum adult,0.0,1690834204174057477,0.231,125383,0.231142,320256,320256_SAMN01164142,PRJNA66167,SAMN01164142,CNS E11.5,0.0,1690834204174057481,0.284,155360,0.283874,320256,320256_SAMN01164138,PRJNA66167,SAMN01164138,CNS E14,0.0,1690834204174057480,0.231,122710,0.231175,320256,320256_SAMN01164139,PRJNA66167,SAMN01164139,CNS E18,0.0,1690834204175106054,0.195,29795,0.194773,320256,320256_SAMN00849389,PRJNA66167,SAMN00849389,colon adult,0.0,1690834204175106051,0.35,150094,0.35001,320256,320256_SAMN01164132,PRJNA66167,SAMN01164132,cortex adult,0.0,1690834204176154629,0.241,39102,0.241151,320256,320256_SAMN00849378,PRJNA66167,SAMN00849378,duodenum adult,0.0,1690834204175106052,0.27,120797,0.269697,320256,320256_SAMN01164131,PRJNA66167,SAMN01164131,frontal Lobe adult,0.0,1690834204176154626,1.74,312613,1.74279,320256,320256_SAMN00849381,PRJNA66167,SAMN00849381,genital fat pad adult,0.0,1690834204175106053,0.0927,15416,0.092744,320256,320256_SAMN00849390,PRJNA66167,SAMN00849390,heart adult,0.0,1690834204175106058,9.14,2168010,9.13918,320256,320256_SAMN00849385,PRJNA66167,SAMN00849385,kidney adult,0.0,1690834204176154627,0.112,20119,0.112205,320256,320256_SAMN00849380,PRJNA66167,SAMN00849380,Large Intestine adult,0.0,1690834204174057482,0.204,100536,0.204316,320256,320256_SAMN01164137,PRJNA66167,SAMN01164137,limb E14.5,0.0,1690834204175106057,5.1,1074868,5.09679,320256,320256_SAMN00849386,PRJNA66167,SAMN00849386,liver adult,0.0,1690834204174057479,0.0521,21851,0.0520996,320256,320256_SAMN01164140,PRJNA66167,SAMN01164140,liver E14.5,0.0,1690834204174057476,0.0533,32434,0.053275,320256,320256_SAMN01164143,PRJNA66167,SAMN01164143,liver E14,0.0,1690834204175106048,1.2,740976,1.19528,320256,320256_SAMN01164135,PRJNA66167,SAMN01164135,liver E18,0.0,1690834204175106056,1.9,282043,1.90261,320256,320256_SAMN00849387,PRJNA66167,SAMN00849387,lung adult,0.0,1690834204176154632,0.466,73073,0.46589,320256,320256_SAMN00849375,PRJNA66167,SAMN00849375,mammary gland adult,0.0,1690834204176154633,2.35,287653,2.35447,320256,320256_SAMN00849374,PRJNA66167,SAMN00849374,ovary adult,0.0,1690834204175106049,0.114,78967,0.11448,320256,320256_SAMN01164134,PRJNA66167,SAMN01164134,placenta adult,0.0,1690834204176154630,0.135,22239,0.134658,320256,320256_SAMN00849377,PRJNA66167,SAMN00849377,small intestine adult,0.0,1690834204175106055,0.0841,16677,0.0841442,320256,320256_SAMN00849388,PRJNA66167,SAMN00849388,spleen adult,0.0,1690834204176154631,0.157,29460,0.156641,320256,320256_SAMN00849376,PRJNA66167,SAMN00849376,stomach adult,0.0,1690834204176154625,0.593,106569,0.593127,320256,320256_SAMN00849382,PRJNA66167,SAMN00849382,subcutaneous fat pad adult,0.0,1690834204175106059,9.01,1538417,9.01117,320256,320256_SAMN00849384,PRJNA66167,SAMN00849384,testis adult,0.0,1690834204176154624,0.2,43062,0.200326,320256,320256_SAMN00849383,PRJNA66167,SAMN00849383,thymus adult,0.0,1690834204174057478,0.266,128465,0.265639,320256,320256_SAMN01164141,PRJNA66167,SAMN01164141,whole brain E14.5,0.0
268527,Greb1,1690834201924861952,16.0,3282098,16.0215,268527,268527_SAMN00849379,PRJNA66167,SAMN00849379,adrenal adult,0.0,1690834201922764810,0.0897,49650,0.0896754,268527,268527_SAMN01164133,PRJNA66167,SAMN01164133,bladder adult,0.0,1690834201922764807,0.172,82751,0.171886,268527,268527_SAMN01164136,PRJNA66167,SAMN01164136,cerebellum adult,0.0,1690834201922764801,3.27,2229160,3.26863,268527,268527_SAMN01164142,PRJNA66167,SAMN01164142,CNS E11.5,0.0,1690834201922764805,0.554,381330,0.554207,268527,268527_SAMN01164138,PRJNA66167,SAMN01164138,CNS E14,0.0,1690834201922764804,0.162,107917,0.161709,268527,268527_SAMN01164139,PRJNA66167,SAMN01164139,CNS E18,0.0,1690834201923813378,1.4,268334,1.39523,268527,268527_SAMN00849389,PRJNA66167,SAMN00849389,colon adult,0.0,1690834201922764811,0.086,46366,0.0860005,268527,268527_SAMN01164132,PRJNA66167,SAMN01164132,cortex adult,0.0,1690834201924861953,0.781,159224,0.781058,268527,268527_SAMN00849378,PRJNA66167,SAMN00849378,duodenum adult,0.0,1690834201923813376,0.507,285383,0.506795,268527,268527_SAMN01164131,PRJNA66167,SAMN01164131,frontal Lobe adult,0.0,1690834201923813386,7.21,1625043,7.20588,268527,268527_SAMN00849381,PRJNA66167,SAMN00849381,genital fat pad adult,0.0,1690834201923813377,0.0649,13561,0.0648918,268527,268527_SAMN00849390,PRJNA66167,SAMN00849390,heart adult,0.0,1690834201923813382,0.123,36803,0.123399,268527,268527_SAMN00849385,PRJNA66167,SAMN00849385,kidney adult,0.0,1690834201923813387,0.575,129717,0.575424,268527,268527_SAMN00849380,PRJNA66167,SAMN00849380,Large Intestine adult,0.0,1690834201922764806,0.686,424570,0.686302,268527,268527_SAMN01164137,PRJNA66167,SAMN01164137,limb E14.5,0.0,1690834201923813381,0.00795,2109,0.0079543,268527,268527_SAMN00849386,PRJNA66167,SAMN00849386,liver adult,0.0,1690834201922764803,0.452,238275,0.451882,268527,268527_SAMN01164140,PRJNA66167,SAMN01164140,liver E14.5,0.0,1690834201922764800,0.467,357732,0.467374,268527,268527_SAMN01164143,PRJNA66167,SAMN01164143,liver E14,0.0,1690834201922764808,0.147,114285,0.146635,268527,268527_SAMN01164135,PRJNA66167,SAMN01164135,liver E18,0.0,1690834201923813380,0.139,25887,0.1389,268527,268527_SAMN00849387,PRJNA66167,SAMN00849387,lung adult,0.0,1690834201924861956,0.273,53833,0.272998,268527,268527_SAMN00849375,PRJNA66167,SAMN00849375,mammary gland adult,0.0,1690834201924861957,76.5,11743149,76.4527,268527,268527_SAMN00849374,PRJNA66167,SAMN00849374,ovary adult,0.0,1690834201922764809,1.77,1534447,1.76937,268527,268527_SAMN01164134,PRJNA66167,SAMN01164134,placenta adult,0.0,1690834201924861954,0.643,133493,0.642922,268527,268527_SAMN00849377,PRJNA66167,SAMN00849377,small intestine adult,0.0,1690834201923813379,0.101,25251,0.101337,268527,268527_SAMN00849388,PRJNA66167,SAMN00849388,spleen adult,0.0,1690834201924861955,0.0591,13972,0.0590901,268527,268527_SAMN00849376,PRJNA66167,SAMN00849376,stomach adult,0.0,1690834201923813385,2.53,570825,2.52699,268527,268527_SAMN00849382,PRJNA66167,SAMN00849382,subcutaneous fat pad adult,0.0,1690834201923813383,0.978,209985,0.978317,268527,268527_SAMN00849384,PRJNA66167,SAMN00849384,testis adult,0.0,1690834201923813384,0.943,254760,0.942668,268527,268527_SAMN00849383,PRJNA66167,SAMN00849383,thymus adult,0.0,1690834201922764802,0.501,304681,0.501114,268527,268527_SAMN01164141,PRJNA66167,SAMN01164141,whole brain E14.5,0.0
381157,Greb1l,1690834206816469002,2.3,519031,2.2962,381157,381157_SAMN00849379,PRJNA66167,SAMN00849379,adrenal adult,0.0,1690834206815420428,0.255,155884,0.255165,381157,381157_SAMN01164133,PRJNA66167,SAMN01164133,bladder adult,0.0,1690834206815420425,0.649,344998,0.649457,381157,381157_SAMN01164136,PRJNA66167,SAMN01164136,cerebellum adult,0.0,1690834206815420419,1.4,1051655,1.39754,381157,381157_SAMN01164142,PRJNA66167,SAMN01164142,CNS E11.5,0.0,1690834206815420423,0.859,652319,0.859205,381157,381157_SAMN01164138,PRJNA66167,SAMN01164138,CNS E14,0.0,1690834206815420422,0.766,564084,0.766045,381157,381157_SAMN01164139,PRJNA66167,SAMN01164139,CNS E18,0.0,1690834206816468992,0.404,85754,0.4041,381157,381157_SAMN00849389,PRJNA66167,SAMN00849389,colon adult,0.0,1690834206815420429,0.769,457210,0.768569,381157,381157_SAMN01164132,PRJNA66167,SAMN01164132,cortex adult,0.0,1690834206816469003,0.0478,10756,0.047818,381157,381157_SAMN00849378,PRJNA66167,SAMN00849378,duodenum adult,0.0,1690834206815420430,0.752,466985,0.751577,381157,381157_SAMN01164131,PRJNA66167,SAMN01164131,frontal Lobe adult,0.0,1690834206816469000,0.218,54225,0.217915,381157,381157_SAMN00849381,PRJNA66167,SAMN00849381,genital fat pad adult,0.0,1690834206815420431,0.0983,22676,0.09834,381157,381157_SAMN00849390,PRJNA66167,SAMN00849390,heart adult,0.0,1690834206816468996,1.01,332572,1.01061,381157,381157_SAMN00849385,PRJNA66167,SAMN00849385,kidney adult,0.0,1690834206816469001,0.0289,7190,0.0289059,381157,381157_SAMN00849380,PRJNA66167,SAMN00849380,Large Intestine adult,0.0,1690834206815420424,0.628,428366,0.627548,381157,381157_SAMN01164137,PRJNA66167,SAMN01164137,limb E14.5,0.0,1690834206816468995,0.101,29661,0.101386,381157,381157_SAMN00849386,PRJNA66167,SAMN00849386,liver adult,0.0,1690834206815420421,0.445,259195,0.445491,381157,381157_SAMN01164140,PRJNA66167,SAMN01164140,liver E14.5,0.0,1690834206815420418,0.491,414557,0.490859,381157,381157_SAMN01164143,PRJNA66167,SAMN01164143,liver E14,0.0,1690834206815420426,0.86,739655,0.86009,381157,381157_SAMN01164135,PRJNA66167,SAMN01164135,liver E18,0.0,1690834206816468994,0.106,21726,0.105649,381157,381157_SAMN00849387,PRJNA66167,SAMN00849387,lung adult,0.0,1690834206816469006,0.137,29852,0.137199,381157,381157_SAMN00849375,PRJNA66167,SAMN00849375,mammary gland adult,0.0,1690834206816469007,5.18,878440,5.18306,381157,381157_SAMN00849374,PRJNA66167,SAMN00849374,ovary adult,0.0,1690834206815420427,1.85,1770232,1.84997,381157,381157_SAMN01164134,PRJNA66167,SAMN01164134,placenta adult,0.0,1690834206816469004,0.046,10537,0.045992,381157,381157_SAMN00849377,PRJNA66167,SAMN00849377,small intestine adult,0.0,1690834206816468993,0.0687,18885,0.0686868,381157,381157_SAMN00849388,PRJNA66167,SAMN00849388,spleen adult,0.0,1690834206816469005,0.137,35766,0.137086,381157,381157_SAMN00849376,PRJNA66167,SAMN00849376,stomach adult,0.0,1690834206816468999,0.499,124486,0.499444,381157,381157_SAMN00849382,PRJNA66167,SAMN00849382,subcutaneous fat pad adult,0.0,1690834206816468997,0.404,95600,0.403659,381157,381157_SAMN00849384,PRJNA66167,SAMN00849384,testis adult,0.0,1690834206816468998,0.237,70798,0.237418,381157,381157_SAMN00849383,PRJNA66167,SAMN00849383,thymus adult,0.0,1690834206815420420,0.873,585507,0.872748,381157,381157_SAMN01164141,PRJNA66167,SAMN01164141,whole brain E14.5,0.0
15248,Hic1,1690834152180416513,8.34,850035,8.34386,15248,15248_SAMN00849379,PRJNA66167,SAMN00849379,adrenal adult,0.0,1690834152178319369,5.02,1381942,5.01907,15248,15248_SAMN01164133,PRJNA66167,SAMN01164133,bladder adult,0.0,1690834152178319366,0.579,138731,0.579457,15248,15248_SAMN01164136,PRJNA66167,SAMN01164136,cerebellum adult,0.0,1690834152178319360,3.07,1040980,3.06935,15248,15248_SAMN01164142,PRJNA66167,SAMN01164142,CNS E11.5,0.0,1690834152178319364,2.8,956617,2.79569,15248,15248_SAMN01164138,PRJNA66167,SAMN01164138,CNS E14,0.0,1690834152178319363,0.974,323152,0.973713,15248,15248_SAMN01164139,PRJNA66167,SAMN01164139,CNS E18,0.0,1690834152179367939,11.8,1123915,11.7512,15248,15248_SAMN00849389,PRJNA66167,SAMN00849389,colon adult,0.0,1690834152179367936,0.574,153884,0.573951,15248,15248_SAMN01164132,PRJNA66167,SAMN01164132,cortex adult,0.0,1690834152180416514,9.4,952473,9.39522,15248,15248_SAMN00849378,PRJNA66167,SAMN00849378,duodenum adult,0.0,1690834152179367937,0.671,187809,0.670657,15248,15248_SAMN01164131,PRJNA66167,SAMN01164131,frontal Lobe adult,0.0,1690834152179367947,4.77,534691,4.76765,15248,15248_SAMN00849381,PRJNA66167,SAMN00849381,genital fat pad adult,0.0,1690834152179367938,4.0,416101,4.00384,15248,15248_SAMN00849390,PRJNA66167,SAMN00849390,heart adult,0.0,1690834152179367943,2.75,407780,2.74939,15248,15248_SAMN00849385,PRJNA66167,SAMN00849385,kidney adult,0.0,1690834152180416512,4.46,500219,4.46202,15248,15248_SAMN00849380,PRJNA66167,SAMN00849380,Large Intestine adult,0.0,1690834152178319365,25.0,7689209,24.9935,15248,15248_SAMN01164137,PRJNA66167,SAMN01164137,limb E14.5,0.0,1690834152179367942,1.19,157056,1.19113,15248,15248_SAMN00849386,PRJNA66167,SAMN00849386,liver adult,0.0,1690834152178319362,0.654,171382,0.653569,15248,15248_SAMN01164140,PRJNA66167,SAMN01164140,liver E14.5,0.0,1690834152177270795,0.585,222691,0.585045,15248,15248_SAMN01164143,PRJNA66167,SAMN01164143,liver E14,0.0,1690834152178319367,0.672,260322,0.671644,15248,15248_SAMN01164135,PRJNA66167,SAMN01164135,liver E18,0.0,1690834152179367941,9.18,850973,9.18152,15248,15248_SAMN00849387,PRJNA66167,SAMN00849387,lung adult,0.0,1690834152180416517,9.97,977325,9.96619,15248,15248_SAMN00849375,PRJNA66167,SAMN00849375,mammary gland adult,0.0,1690834152180416518,27.9,2131311,27.902,15248,15248_SAMN00849374,PRJNA66167,SAMN00849374,ovary adult,0.0,1690834152178319368,6.25,2695958,6.25116,15248,15248_SAMN01164134,PRJNA66167,SAMN01164134,placenta adult,0.0,1690834152180416515,8.95,923945,8.94799,15248,15248_SAMN00849377,PRJNA66167,SAMN00849377,small intestine adult,0.0,1690834152179367940,4.01,497200,4.01237,15248,15248_SAMN00849388,PRJNA66167,SAMN00849388,spleen adult,0.0,1690834152180416516,6.17,725520,6.17001,15248,15248_SAMN00849376,PRJNA66167,SAMN00849376,stomach adult,0.0,1690834152179367946,15.2,1703498,15.1643,15248,15248_SAMN00849382,PRJNA66167,SAMN00849382,subcutaneous fat pad adult,0.0,1690834152179367944,0.493,52641,0.493168,15248,15248_SAMN00849384,PRJNA66167,SAMN00849384,testis adult,0.0,1690834152179367945,2.7,362263,2.69545,15248,15248_SAMN00849383,PRJNA66167,SAMN00849383,thymus adult,0.0,1690834152178319361,2.0,606178,2.0048,15248,15248_SAMN01164141,PRJNA66167,SAMN01164141,whole brain E14.5,0.0
58180,Hic2,1690834167568269319,1.04,149351,1.04441,58180,58180_SAMN00849379,PRJNA66167,SAMN00849379,adrenal adult,0.0,1690834167567220739,1.62,626766,1.62171,58180,58180_SAMN01164133,PRJNA66167,SAMN01164133,bladder adult,0.0,1690834167567220736,0.892,299668,0.891706,58180,58180_SAMN01164136,PRJNA66167,SAMN01164136,cerebellum adult,0.0,1690834167566172165,5.11,2430315,5.10505,58180,58180_SAMN01164142,PRJNA66167,SAMN01164142,CNS E11.5,0.0,1690834167566172169,3.87,1860046,3.87264,58180,58180_SAMN01164138,PRJNA66167,SAMN01164138,CNS E14,0.0,1690834167566172168,2.81,1309758,2.81157,58180,58180_SAMN01164139,PRJNA66167,SAMN01164139,CNS E18,0.0,1690834167567220743,1.96,263596,1.96345,58180,58180_SAMN00849389,PRJNA66167,SAMN00849389,colon adult,0.0,1690834167567220740,1.2,452188,1.20153,58180,58180_SAMN01164132,PRJNA66167,SAMN01164132,cortex adult,0.0,1690834167568269320,0.894,127150,0.893519,58180,58180_SAMN00849378,PRJNA66167,SAMN00849378,duodenum adult,0.0,1690834167567220741,1.31,516886,1.31496,58180,58180_SAMN01164131,PRJNA66167,SAMN01164131,frontal Lobe adult,0.0,1690834167568269317,1.19,186845,1.18691,58180,58180_SAMN00849381,PRJNA66167,SAMN00849381,genital fat pad adult,0.0,1690834167567220742,0.524,76378,0.523575,58180,58180_SAMN00849390,PRJNA66167,SAMN00849390,heart adult,0.0,1690834167568269313,0.651,135629,0.651472,58180,58180_SAMN00849385,PRJNA66167,SAMN00849385,kidney adult,0.0,1690834167568269318,0.923,145249,0.923033,58180,58180_SAMN00849380,PRJNA66167,SAMN00849380,Large Intestine adult,0.0,1690834167566172170,2.87,1238474,2.86791,58180,58180_SAMN01164137,PRJNA66167,SAMN01164137,limb E14.5,0.0,1690834167568269312,0.406,75140,0.405984,58180,58180_SAMN00849386,PRJNA66167,SAMN00849386,liver adult,0.0,1690834167566172167,1.61,592187,1.60886,58180,58180_SAMN01164140,PRJNA66167,SAMN01164140,liver E14.5,0.0,1690834167566172164,1.52,810941,1.51778,58180,58180_SAMN01164143,PRJNA66167,SAMN01164143,liver E14,0.0,1690834167567220737,1.0,544155,1.00019,58180,58180_SAMN01164135,PRJNA66167,SAMN01164135,liver E18,0.0,1690834167567220745,0.955,124209,0.95474,58180,58180_SAMN00849387,PRJNA66167,SAMN00849387,lung adult,0.0,1690834167569317889,0.908,124937,0.907641,58180,58180_SAMN00849375,PRJNA66167,SAMN00849375,mammary gland adult,0.0,1690834167569317890,1.7,182276,1.70001,58180,58180_SAMN00849374,PRJNA66167,SAMN00849374,ovary adult,0.0,1690834167567220738,11.4,6912401,11.4185,58180,58180_SAMN01164134,PRJNA66167,SAMN01164134,placenta adult,0.0,1690834167568269321,0.747,108230,0.746724,58180,58180_SAMN00849377,PRJNA66167,SAMN00849377,small intestine adult,0.0,1690834167567220744,0.606,105394,0.605925,58180,58180_SAMN00849388,PRJNA66167,SAMN00849388,spleen adult,0.0,1690834167569317888,1.16,190918,1.15669,58180,58180_SAMN00849376,PRJNA66167,SAMN00849376,stomach adult,0.0,1690834167568269316,1.04,163875,1.03926,58180,58180_SAMN00849382,PRJNA66167,SAMN00849382,subcutaneous fat pad adult,0.0,1690834167568269314,1.78,267278,1.78389,58180,58180_SAMN00849384,PRJNA66167,SAMN00849384,testis adult,0.0,1690834167568269315,2.05,385987,2.04603,58180,58180_SAMN00849383,PRJNA66167,SAMN00849383,thymus adult,0.0,1690834167566172166,3.7,1572325,3.70464,58180,58180_SAMN01164141,PRJNA66167,SAMN01164141,whole brain E14.5,0.0
238455,Macc1,1690834199388356619,0.0,0,0.0,238455,238455_SAMN00849379,PRJNA66167,SAMN00849379,adrenal adult,0.0,1690834199387308041,1.74,457443,1.74444,238455,238455_SAMN01164133,PRJNA66167,SAMN01164133,bladder adult,0.0,1690834199387308038,0.00138,315,0.00138147,238455,238455_SAMN01164136,PRJNA66167,SAMN01164136,cerebellum adult,0.0,1690834199387308032,0.0716,23135,0.071624,238455,238455_SAMN01164142,PRJNA66167,SAMN01164142,CNS E11.5,0.0,1690834199387308036,0.0328,10704,0.0328459,238455,238455_SAMN01164138,PRJNA66167,SAMN01164138,CNS E14,0.0,1690834199387308035,0.0169,5335,0.0168789,238455,238455_SAMN01164139,PRJNA66167,SAMN01164139,CNS E18,0.0,1690834199388356609,0.0738,6720,0.0737738,238455,238455_SAMN00849389,PRJNA66167,SAMN00849389,colon adult,0.0,1690834199387308042,0.024,6136,0.0240298,238455,238455_SAMN01164132,PRJNA66167,SAMN01164132,cortex adult,0.0,1690834199388356620,0.00866,836,0.00865855,238455,238455_SAMN00849378,PRJNA66167,SAMN00849378,duodenum adult,0.0,1690834199387308043,0.095,25344,0.0950263,238455,238455_SAMN01164131,PRJNA66167,SAMN01164131,frontal Lobe adult,0.0,1690834199388356617,0.214,22808,0.213537,238455,238455_SAMN00849381,PRJNA66167,SAMN00849381,genital fat pad adult,0.0,1690834199388356608,0.00154,152,0.0015357,238455,238455_SAMN00849390,PRJNA66167,SAMN00849390,heart adult,0.0,1690834199388356613,0.0677,9560,0.0676787,238455,238455_SAMN00849385,PRJNA66167,SAMN00849385,kidney adult,0.0,1690834199388356618,0.0343,3658,0.0342609,238455,238455_SAMN00849380,PRJNA66167,SAMN00849380,Large Intestine adult,0.0,1690834199387308037,0.343,100366,0.342544,238455,238455_SAMN01164137,PRJNA66167,SAMN01164137,limb E14.5,0.0,1690834199388356612,0.0,0,0.0,238455,238455_SAMN00849386,PRJNA66167,SAMN00849386,liver adult,0.0,1690834199387308034,0.00669,1670,0.00668694,238455,238455_SAMN01164140,PRJNA66167,SAMN01164140,liver E14.5,0.0,1690834199386259466,0.00389,1409,0.00388671,238455,238455_SAMN01164143,PRJNA66167,SAMN01164143,liver E14,0.0,1690834199387308039,0.00704,2599,0.00704076,238455,238455_SAMN01164135,PRJNA66167,SAMN01164135,liver E18,0.0,1690834199388356611,0.307,27135,0.307407,238455,238455_SAMN00849387,PRJNA66167,SAMN00849387,lung adult,0.0,1690834199389405185,0.0744,6952,0.0744362,238455,238455_SAMN00849375,PRJNA66167,SAMN00849375,mammary gland adult,0.0,1690834199389405186,0.044,3201,0.0440005,238455,238455_SAMN00849374,PRJNA66167,SAMN00849374,ovary adult,0.0,1690834199387308040,0.0366,15050,0.0366411,238455,238455_SAMN01164134,PRJNA66167,SAMN01164134,placenta adult,0.0,1690834199388356621,0.0157,1544,0.0157004,238455,238455_SAMN00849377,PRJNA66167,SAMN00849377,small intestine adult,0.0,1690834199388356610,0.0,0,0.0,238455,238455_SAMN00849388,PRJNA66167,SAMN00849388,spleen adult,0.0,1690834199389405184,0.122,13624,0.121654,238455,238455_SAMN00849376,PRJNA66167,SAMN00849376,stomach adult,0.0,1690834199388356616,0.146,15598,0.145792,238455,238455_SAMN00849382,PRJNA66167,SAMN00849382,subcutaneous fat pad adult,0.0,1690834199388356614,0.0731,7429,0.0730778,238455,238455_SAMN00849384,PRJNA66167,SAMN00849384,testis adult,0.0,1690834199388356615,0.0203,2596,0.0202813,238455,238455_SAMN00849383,PRJNA66167,SAMN00849383,thymus adult,0.0,1690834199387308033,0.0234,6742,0.0234123,238455,238455_SAMN01164141,PRJNA66167,SAMN01164141,whole brain E14.5,0.0
328949,Mcc,1690834205290790912,0.742,187523,0.741538,328949,328949_SAMN00849379,PRJNA66167,SAMN00849379,adrenal adult,0.0,1690834205288693772,2.45,1677294,2.45409,328949,328949_SAMN01164133,PRJNA66167,SAMN01164133,bladder adult,0.0,1690834205288693769,5.04,2992423,5.03523,328949,328949_SAMN01164136,PRJNA66167,SAMN01164136,cerebellum adult,0.0,1690834205288693763,2.32,1956895,2.32445,328949,328949_SAMN01164142,PRJNA66167,SAMN01164142,CNS E11.5,0.0,1690834205288693767,1.55,1317449,1.55108,328949,328949_SAMN01164138,PRJNA66167,SAMN01164138,CNS E14,0.0,1690834205288693766,1.24,1018671,1.23654,328949,328949_SAMN01164139,PRJNA66167,SAMN01164139,CNS E18,0.0,1690834205289742339,1.66,394317,1.6609,328949,328949_SAMN00849389,PRJNA66167,SAMN00849389,colon adult,0.0,1690834205289742336,2.32,1544968,2.32139,328949,328949_SAMN01164132,PRJNA66167,SAMN01164132,cortex adult,0.0,1690834205290790913,0.309,77847,0.309346,328949,328949_SAMN00849378,PRJNA66167,SAMN00849378,duodenum adult,0.0,1690834205289742337,1.89,1313790,1.88999,328949,328949_SAMN01164131,PRJNA66167,SAMN01164131,frontal Lobe adult,0.0,1690834205289742347,1.57,437122,1.57019,328949,328949_SAMN00849381,PRJNA66167,SAMN00849381,genital fat pad adult,0.0,1690834205289742338,2.09,539792,2.09244,328949,328949_SAMN00849390,PRJNA66167,SAMN00849390,heart adult,0.0,1690834205289742343,1.62,596470,1.62012,328949,328949_SAMN00849385,PRJNA66167,SAMN00849385,kidney adult,0.0,1690834205289742348,0.677,188356,0.67686,328949,328949_SAMN00849380,PRJNA66167,SAMN00849380,Large Intestine adult,0.0,1690834205288693768,3.48,2656888,3.4791,328949,328949_SAMN01164137,PRJNA66167,SAMN01164137,limb E14.5,0.0,1690834205289742342,2.54,830852,2.5385,328949,328949_SAMN00849386,PRJNA66167,SAMN00849386,liver adult,0.0,1690834205288693765,1.73,1124230,1.72715,328949,328949_SAMN01164140,PRJNA66167,SAMN01164140,liver E14.5,0.0,1690834205288693762,1.78,1682810,1.78102,328949,328949_SAMN01164143,PRJNA66167,SAMN01164143,liver E14,0.0,1690834205288693770,3.02,2906355,3.02082,328949,328949_SAMN01164135,PRJNA66167,SAMN01164135,liver E18,0.0,1690834205289742341,10.4,2393012,10.4014,328949,328949_SAMN00849387,PRJNA66167,SAMN00849387,lung adult,0.0,1690834205290790916,1.69,411220,1.68932,328949,328949_SAMN00849375,PRJNA66167,SAMN00849375,mammary gland adult,0.0,1690834205290790917,1.86,353114,1.86231,328949,328949_SAMN00849374,PRJNA66167,SAMN00849374,ovary adult,0.0,1690834205288693771,0.715,765790,0.715328,328949,328949_SAMN01164134,PRJNA66167,SAMN01164134,placenta adult,0.0,1690834205290790914,0.391,100173,0.390821,328949,328949_SAMN00849377,PRJNA66167,SAMN00849377,small intestine adult,0.0,1690834205289742340,0.449,138130,0.449062,328949,328949_SAMN00849388,PRJNA66167,SAMN00849388,spleen adult,0.0,1690834205290790915,0.662,193139,0.66169,328949,328949_SAMN00849376,PRJNA66167,SAMN00849376,stomach adult,0.0,1690834205289742346,3.04,846362,3.03518,328949,328949_SAMN00849382,PRJNA66167,SAMN00849382,subcutaneous fat pad adult,0.0,1690834205289742344,0.17,45027,0.169939,328949,328949_SAMN00849384,PRJNA66167,SAMN00849384,testis adult,0.0,1690834205289742345,0.627,209315,0.627416,328949,328949_SAMN00849383,PRJNA66167,SAMN00849383,thymus adult,0.0,1690834205288693764,1.34,1003620,1.33718,328949,328949_SAMN01164141,PRJNA66167,SAMN01164141,whole brain E14.5,0.0
66566,Ntpcr,1690834169450463238,3.74,260735,3.7441,66566,66566_SAMN00849379,PRJNA66167,SAMN00849379,adrenal adult,0.0,1690834169449414663,5.21,980988,5.21212,66566,66566_SAMN01164133,PRJNA66167,SAMN01164133,bladder adult,0.0,1690834169449414660,3.63,594480,3.63247,66566,66566_SAMN01164136,PRJNA66167,SAMN01164136,cerebellum adult,0.0,1690834169448366092,1.93,447093,1.9285,66566,66566_SAMN01164142,PRJNA66167,SAMN01164142,CNS E11.5,0.0,1690834169449414658,2.75,642625,2.74742,66566,66566_SAMN01164138,PRJNA66167,SAMN01164138,CNS E14,0.0,1690834169449414657,3.17,719376,3.17101,66566,66566_SAMN01164139,PRJNA66167,SAMN01164139,CNS E18,0.0,1690834169449414667,3.68,240819,3.68347,66566,66566_SAMN00849389,PRJNA66167,SAMN00849389,colon adult,0.0,1690834169449414664,4.15,760420,4.14908,66566,66566_SAMN01164132,PRJNA66167,SAMN01164132,cortex adult,0.0,1690834169450463239,1.81,125456,1.81035,66566,66566_SAMN00849378,PRJNA66167,SAMN00849378,duodenum adult,0.0,1690834169449414665,3.43,656021,3.42704,66566,66566_SAMN01164131,PRJNA66167,SAMN01164131,frontal Lobe adult,0.0,1690834169450463236,3.5,268028,3.49622,66566,66566_SAMN00849381,PRJNA66167,SAMN00849381,genital fat pad adult,0.0,1690834169449414666,2.07,147131,2.07109,66566,66566_SAMN00849390,PRJNA66167,SAMN00849390,heart adult,0.0,1690834169450463232,2.65,268202,2.64539,66566,66566_SAMN00849385,PRJNA66167,SAMN00849385,kidney adult,0.0,1690834169450463237,2.75,211118,2.75495,66566,66566_SAMN00849380,PRJNA66167,SAMN00849380,Large Intestine adult,0.0,1690834169449414659,3.94,828599,3.9401,66566,66566_SAMN01164137,PRJNA66167,SAMN01164137,limb E14.5,0.0,1690834169449414670,1.42,127637,1.41612,66566,66566_SAMN00849386,PRJNA66167,SAMN00849386,liver adult,0.0,1690834169449414656,2.39,428648,2.39136,66566,66566_SAMN01164140,PRJNA66167,SAMN01164140,liver E14.5,0.0,1690834169448366091,2.28,593000,2.27907,66566,66566_SAMN01164143,PRJNA66167,SAMN01164143,liver E14,0.0,1690834169449414661,2.21,585889,2.21137,66566,66566_SAMN01164135,PRJNA66167,SAMN01164135,liver E18,0.0,1690834169449414669,1.88,119164,1.88088,66566,66566_SAMN00849387,PRJNA66167,SAMN00849387,lung adult,0.0,1690834169450463242,2.45,164245,2.45019,66566,66566_SAMN00849375,PRJNA66167,SAMN00849375,mammary gland adult,0.0,1690834169450463243,4.27,222780,4.2666,66566,66566_SAMN00849374,PRJNA66167,SAMN00849374,ovary adult,0.0,1690834169449414662,1.77,520748,1.76641,66566,66566_SAMN01164134,PRJNA66167,SAMN01164134,placenta adult,0.0,1690834169450463240,1.61,113576,1.6091,66566,66566_SAMN00849377,PRJNA66167,SAMN00849377,small intestine adult,0.0,1690834169449414668,1.8,152843,1.8044,66566,66566_SAMN00849388,PRJNA66167,SAMN00849388,spleen adult,0.0,1690834169450463241,2.09,168095,2.09126,66566,66566_SAMN00849376,PRJNA66167,SAMN00849376,stomach adult,0.0,1690834169450463235,3.82,293423,3.82113,66566,66566_SAMN00849382,PRJNA66167,SAMN00849382,subcutaneous fat pad adult,0.0,1690834169450463233,15.1,1101776,15.1002,66566,66566_SAMN00849384,PRJNA66167,SAMN00849384,testis adult,0.0,1690834169450463234,2.43,223529,2.43309,66566,66566_SAMN00849383,PRJNA66167,SAMN00849383,thymus adult,0.0,1690834169448366093,2.61,538534,2.60556,66566,66566_SAMN01164141,PRJNA66167,SAMN01164141,whole brain E14.5,0.0
246257,Ovca2,1690834201430982663,9.84,586558,9.84153,246257,246257_SAMN00849379,PRJNA66167,SAMN00849379,adrenal adult,0.0,1690834201429934084,8.39,1351258,8.38867,246257,246257_SAMN01164133,PRJNA66167,SAMN01164133,bladder adult,0.0,1690834201429934081,5.13,719124,5.1342,246257,246257_SAMN01164136,PRJNA66167,SAMN01164136,cerebellum adult,0.0,1690834201428885511,8.69,1724692,8.69235,246257,246257_SAMN01164142,PRJNA66167,SAMN01164142,CNS E11.5,0.0,1690834201428885515,7.25,1451428,7.25049,246257,246257_SAMN01164138,PRJNA66167,SAMN01164138,CNS E14,0.0,1690834201428885514,6.54,1269580,6.53891,246257,246257_SAMN01164139,PRJNA66167,SAMN01164139,CNS E18,0.0,1690834201429934088,7.73,432409,7.72795,246257,246257_SAMN00849389,PRJNA66167,SAMN00849389,colon adult,0.0,1690834201429934085,8.53,1337439,8.52661,246257,246257_SAMN01164132,PRJNA66167,SAMN01164132,cortex adult,0.0,1690834201430982664,5.88,348813,5.88123,246257,246257_SAMN00849378,PRJNA66167,SAMN00849378,duodenum adult,0.0,1690834201429934086,7.69,1259715,7.68914,246257,246257_SAMN01164131,PRJNA66167,SAMN01164131,frontal Lobe adult,0.0,1690834201430982661,7.52,493705,7.52472,246257,246257_SAMN00849381,PRJNA66167,SAMN00849381,genital fat pad adult,0.0,1690834201429934087,5.05,306994,5.04927,246257,246257_SAMN00849390,PRJNA66167,SAMN00849390,heart adult,0.0,1690834201430982657,10.4,901104,10.385,246257,246257_SAMN00849385,PRJNA66167,SAMN00849385,kidney adult,0.0,1690834201430982662,9.9,649508,9.90322,246257,246257_SAMN00849380,PRJNA66167,SAMN00849380,Large Intestine adult,0.0,1690834201429934080,10.4,1866587,10.3709,246257,246257_SAMN01164137,PRJNA66167,SAMN01164137,limb E14.5,0.0,1690834201430982656,7.27,561050,7.27324,246257,246257_SAMN00849386,PRJNA66167,SAMN00849386,liver adult,0.0,1690834201428885513,6.92,1061068,6.91657,246257,246257_SAMN01164140,PRJNA66167,SAMN01164140,liver E14.5,0.0,1690834201428885510,6.71,1493399,6.70631,246257,246257_SAMN01164143,PRJNA66167,SAMN01164143,liver E14,0.0,1690834201429934082,4.81,1091515,4.8137,246257,246257_SAMN01164135,PRJNA66167,SAMN01164135,liver E18,0.0,1690834201429934090,7.01,380224,7.01228,246257,246257_SAMN00849387,PRJNA66167,SAMN00849387,lung adult,0.0,1690834201430982667,9.56,548340,9.55787,246257,246257_SAMN00849375,PRJNA66167,SAMN00849375,mammary gland adult,0.0,1690834201432031232,12.2,543656,12.1656,246257,246257_SAMN00849374,PRJNA66167,SAMN00849374,ovary adult,0.0,1690834201429934083,7.32,1846722,7.31931,246257,246257_SAMN01164134,PRJNA66167,SAMN01164134,placenta adult,0.0,1690834201430982665,4.36,263578,4.36325,246257,246257_SAMN00849377,PRJNA66167,SAMN00849377,small intestine adult,0.0,1690834201429934089,6.97,505617,6.97449,246257,246257_SAMN00849388,PRJNA66167,SAMN00849388,spleen adult,0.0,1690834201430982666,5.32,366052,5.32108,246257,246257_SAMN00849376,PRJNA66167,SAMN00849376,stomach adult,0.0,1690834201430982660,10.3,678546,10.3248,246257,246257_SAMN00849382,PRJNA66167,SAMN00849382,subcutaneous fat pad adult,0.0,1690834201430982658,4.16,259927,4.1624,246257,246257_SAMN00849384,PRJNA66167,SAMN00849384,testis adult,0.0,1690834201430982659,8.42,662316,8.42352,246257,246257_SAMN00849383,PRJNA66167,SAMN00849383,thymus adult,0.0,1690834201428885512,7.2,1272745,7.19504,246257,246257_SAMN01164141,PRJNA66167,SAMN01164141,whole brain E14.5,0.0
320271,Scai,1690834204184543233,0.085,21362,0.0849738,320271,320271_SAMN00849379,PRJNA66167,SAMN00849379,adrenal adult,0.0,1690834204182446091,1.88,1278892,1.88226,320271,320271_SAMN01164133,PRJNA66167,SAMN01164133,bladder adult,0.0,1690834204182446088,2.07,1221261,2.06714,320271,320271_SAMN01164136,PRJNA66167,SAMN01164136,cerebellum adult,0.0,1690834204182446082,2.53,2121478,2.53487,320271,320271_SAMN01164142,PRJNA66167,SAMN01164142,CNS E11.5,0.0,1690834204182446086,3.95,3334232,3.94875,320271,320271_SAMN01164138,PRJNA66167,SAMN01164138,CNS E14,0.0,1690834204182446085,4.62,3786018,4.62296,320271,320271_SAMN01164139,PRJNA66167,SAMN01164139,CNS E18,0.0,1690834204183494659,0.0812,19159,0.0811772,320271,320271_SAMN00849389,PRJNA66167,SAMN00849389,colon adult,0.0,1690834204183494656,2.87,1897003,2.86723,320271,320271_SAMN01164132,PRJNA66167,SAMN01164132,cortex adult,0.0,1690834204184543234,0.0229,5733,0.0229166,320271,320271_SAMN00849378,PRJNA66167,SAMN00849378,duodenum adult,0.0,1690834204183494657,2.25,1557466,2.2538,320271,320271_SAMN01164131,PRJNA66167,SAMN01164131,frontal Lobe adult,0.0,1690834204183494667,0.77,213207,0.7704,320271,320271_SAMN00849381,PRJNA66167,SAMN00849381,genital fat pad adult,0.0,1690834204183494658,0.298,76484,0.298237,320271,320271_SAMN00849390,PRJNA66167,SAMN00849390,heart adult,0.0,1690834204183494663,0.329,120478,0.329178,320271,320271_SAMN00849385,PRJNA66167,SAMN00849385,kidney adult,0.0,1690834204184543232,0.13,35867,0.129652,320271,320271_SAMN00849380,PRJNA66167,SAMN00849380,Large Intestine adult,0.0,1690834204182446087,4.59,3483491,4.58852,320271,320271_SAMN01164137,PRJNA66167,SAMN01164137,limb E14.5,0.0,1690834204183494662,0.0621,20204,0.0620948,320271,320271_SAMN00849386,PRJNA66167,SAMN00849386,liver adult,0.0,1690834204182446084,0.597,386424,0.597178,320271,320271_SAMN01164140,PRJNA66167,SAMN01164140,liver E14.5,0.0,1690834204182446081,0.64,601521,0.640398,320271,320271_SAMN01164143,PRJNA66167,SAMN01164143,liver E14,0.0,1690834204182446089,0.496,474197,0.495793,320271,320271_SAMN01164135,PRJNA66167,SAMN01164135,liver E18,0.0,1690834204183494661,0.297,67953,0.297112,320271,320271_SAMN00849387,PRJNA66167,SAMN00849387,lung adult,0.0,1690834204184543237,0.351,85041,0.351424,320271,320271_SAMN00849375,PRJNA66167,SAMN00849375,mammary gland adult,0.0,1690834204184543238,0.169,31778,0.168588,320271,320271_SAMN00849374,PRJNA66167,SAMN00849374,ovary adult,0.0,1690834204182446090,0.46,489226,0.459695,320271,320271_SAMN01164134,PRJNA66167,SAMN01164134,placenta adult,0.0,1690834204184543235,0.0198,5041,0.0197838,320271,320271_SAMN00849377,PRJNA66167,SAMN00849377,small intestine adult,0.0,1690834204183494660,0.25,76567,0.250394,320271,320271_SAMN00849388,PRJNA66167,SAMN00849388,spleen adult,0.0,1690834204184543236,0.0342,9911,0.034156,320271,320271_SAMN00849376,PRJNA66167,SAMN00849376,stomach adult,0.0,1690834204183494666,0.537,148881,0.537072,320271,320271_SAMN00849382,PRJNA66167,SAMN00849382,subcutaneous fat pad adult,0.0,1690834204183494664,0.635,167370,0.635421,320271,320271_SAMN00849384,PRJNA66167,SAMN00849384,testis adult,0.0,1690834204183494665,0.681,225957,0.681312,320271,320271_SAMN00849383,PRJNA66167,SAMN00849383,thymus adult,0.0,1690834204182446083,4.35,3244583,4.34853,320271,320271_SAMN01164141,PRJNA66167,SAMN01164141,whole brain E14.5,0.0
76816,Sdccag8,1690834184076001287,0.606,44223,0.60598,76816,76816_SAMN00849379,PRJNA66167,SAMN00849379,adrenal adult,0.0,1690834184074952710,2.99,589730,2.98997,76816,76816_SAMN01164133,PRJNA66167,SAMN01164133,bladder adult,0.0,1690834184074952707,3.9,668161,3.89591,76816,76816_SAMN01164136,PRJNA66167,SAMN01164136,cerebellum adult,0.0,1690834184073904138,3.55,861322,3.54527,76816,76816_SAMN01164142,PRJNA66167,SAMN01164142,CNS E11.5,0.0,1690834184074952705,4.77,1169853,4.77267,76816,76816_SAMN01164138,PRJNA66167,SAMN01164138,CNS E14,0.0,1690834184074952704,6.08,1444463,6.0759,76816,76816_SAMN01164139,PRJNA66167,SAMN01164139,CNS E18,0.0,1690834184074952714,0.461,31554,0.460556,76816,76816_SAMN00849389,PRJNA66167,SAMN00849389,colon adult,0.0,1690834184074952711,5.77,1107396,5.76586,76816,76816_SAMN01164132,PRJNA66167,SAMN01164132,cortex adult,0.0,1690834184076001288,0.465,33796,0.465371,76816,76816_SAMN00849378,PRJNA66167,SAMN00849378,duodenum adult,0.0,1690834184074952712,6.11,1225642,6.10981,76816,76816_SAMN01164131,PRJNA66167,SAMN01164131,frontal Lobe adult,0.0,1690834184076001285,1.09,87797,1.09285,76816,76816_SAMN00849381,PRJNA66167,SAMN00849381,genital fat pad adult,0.0,1690834184074952713,0.826,61511,0.826247,76816,76816_SAMN00849390,PRJNA66167,SAMN00849390,heart adult,0.0,1690834184076001281,1.54,163503,1.53892,76816,76816_SAMN00849385,PRJNA66167,SAMN00849385,kidney adult,0.0,1690834184076001286,1.24,99510,1.23913,76816,76816_SAMN00849380,PRJNA66167,SAMN00849380,Large Intestine adult,0.0,1690834184074952706,2.52,555024,2.51847,76816,76816_SAMN01164137,PRJNA66167,SAMN01164137,limb E14.5,0.0,1690834184076001280,0.426,40271,0.426361,76816,76816_SAMN00849386,PRJNA66167,SAMN00849386,liver adult,0.0,1690834184073904140,1.04,195104,1.03866,76816,76816_SAMN01164140,PRJNA66167,SAMN01164140,liver E14.5,0.0,1690834184073904137,1.32,359837,1.31969,76816,76816_SAMN01164143,PRJNA66167,SAMN01164143,liver E14,0.0,1690834184074952708,1.19,330700,1.19108,76816,76816_SAMN01164135,PRJNA66167,SAMN01164135,liver E18,0.0,1690834184074952716,1.51,100428,1.51263,76816,76816_SAMN00849387,PRJNA66167,SAMN00849387,lung adult,0.0,1690834184076001291,1.19,83649,1.19078,76816,76816_SAMN00849375,PRJNA66167,SAMN00849375,mammary gland adult,0.0,1690834184076001292,0.857,46917,0.857428,76816,76816_SAMN00849374,PRJNA66167,SAMN00849374,ovary adult,0.0,1690834184074952709,2.3,709947,2.29802,76816,76816_SAMN01164134,PRJNA66167,SAMN01164134,placenta adult,0.0,1690834184076001289,0.392,29013,0.39224,76816,76816_SAMN00849377,PRJNA66167,SAMN00849377,small intestine adult,0.0,1690834184074952715,1.16,103047,1.16087,76816,76816_SAMN00849388,PRJNA66167,SAMN00849388,spleen adult,0.0,1690834184076001290,0.291,24549,0.29144,76816,76816_SAMN00849376,PRJNA66167,SAMN00849376,stomach adult,0.0,1690834184076001284,1.26,101121,1.25661,76816,76816_SAMN00849382,PRJNA66167,SAMN00849382,subcutaneous fat pad adult,0.0,1690834184076001282,5.24,400663,5.23998,76816,76816_SAMN00849384,PRJNA66167,SAMN00849384,testis adult,0.0,1690834184076001283,1.24,119814,1.2445,76816,76816_SAMN00849383,PRJNA66167,SAMN00849383,thymus adult,0.0,1690834184073904139,4.07,881870,4.0715,76816,76816_SAMN01164141,PRJNA66167,SAMN01164141,whole brain E14.5,0.0
232023,Vopp1,1690834197661351947,1.67,152799,1.66996,232023,232023_SAMN00849379,PRJNA66167,SAMN00849379,adrenal adult,0.0,1690834197660303372,6.66,1647692,6.66294,232023,232023_SAMN01164133,PRJNA66167,SAMN01164133,bladder adult,0.0,1690834197660303369,5.17,1111804,5.1705,232023,232023_SAMN01164136,PRJNA66167,SAMN01164136,cerebellum adult,0.0,1690834197660303363,12.7,3878122,12.7316,232023,232023_SAMN01164142,PRJNA66167,SAMN01164142,CNS E11.5,0.0,1690834197660303367,28.2,8651919,28.1526,232023,232023_SAMN01164138,PRJNA66167,SAMN01164138,CNS E14,0.0,1690834197660303366,31.4,9373425,31.4469,232023,232023_SAMN01164139,PRJNA66167,SAMN01164139,CNS E18,0.0,1690834197661351937,2.8,240414,2.79875,232023,232023_SAMN00849389,PRJNA66167,SAMN00849389,colon adult,0.0,1690834197660303373,13.3,3197818,13.2798,232023,232023_SAMN01164132,PRJNA66167,SAMN01164132,cortex adult,0.0,1690834197661351948,1.3,118058,1.2966,232023,232023_SAMN00849378,PRJNA66167,SAMN00849378,duodenum adult,0.0,1690834197660303374,13.7,3433924,13.6531,232023,232023_SAMN01164131,PRJNA66167,SAMN01164131,frontal Lobe adult,0.0,1690834197661351945,2.95,297562,2.95417,232023,232023_SAMN00849381,PRJNA66167,SAMN00849381,genital fat pad adult,0.0,1690834197661351936,2.57,239954,2.57076,232023,232023_SAMN00849390,PRJNA66167,SAMN00849390,heart adult,0.0,1690834197661351941,1.86,248079,1.86233,232023,232023_SAMN00849385,PRJNA66167,SAMN00849385,kidney adult,0.0,1690834197661351946,4.13,416097,4.13258,232023,232023_SAMN00849380,PRJNA66167,SAMN00849380,Large Intestine adult,0.0,1690834197660303368,9.36,2585471,9.3571,232023,232023_SAMN01164137,PRJNA66167,SAMN01164137,limb E14.5,0.0,1690834197661351940,0.328,38862,0.32816,232023,232023_SAMN00849386,PRJNA66167,SAMN00849386,liver adult,0.0,1690834197660303365,11.4,2696055,11.4475,232023,232023_SAMN01164140,PRJNA66167,SAMN01164140,liver E14.5,0.0,1690834197660303362,11.6,3969970,11.6126,232023,232023_SAMN01164143,PRJNA66167,SAMN01164143,liver E14,0.0,1690834197660303370,6.69,2329649,6.69229,232023,232023_SAMN01164135,PRJNA66167,SAMN01164135,liver E18,0.0,1690834197661351939,3.61,300521,3.61019,232023,232023_SAMN00849387,PRJNA66167,SAMN00849387,lung adult,0.0,1690834197662400513,3.79,333503,3.78657,232023,232023_SAMN00849375,PRJNA66167,SAMN00849375,mammary gland adult,0.0,1690834197662400514,3.72,254966,3.71643,232023,232023_SAMN00849374,PRJNA66167,SAMN00849374,ovary adult,0.0,1690834197660303371,1.25,483580,1.24845,232023,232023_SAMN01164134,PRJNA66167,SAMN01164134,placenta adult,0.0,1690834197661351949,1.72,159469,1.71954,232023,232023_SAMN00849377,PRJNA66167,SAMN00849377,small intestine adult,0.0,1690834197661351938,4.37,486380,4.3702,232023,232023_SAMN00849388,PRJNA66167,SAMN00849388,spleen adult,0.0,1690834197662400512,3.42,360772,3.41606,232023,232023_SAMN00849376,PRJNA66167,SAMN00849376,stomach adult,0.0,1690834197661351944,2.63,264935,2.62588,232023,232023_SAMN00849382,PRJNA66167,SAMN00849382,subcutaneous fat pad adult,0.0,1690834197661351942,0.416,39900,0.416198,232023,232023_SAMN00849384,PRJNA66167,SAMN00849384,testis adult,0.0,1690834197661351943,2.84,342557,2.83789,232023,232023_SAMN00849383,PRJNA66167,SAMN00849383,thymus adult,0.0,1690834197660303364,25.5,6924014,25.4967,232023,232023_SAMN01164141,PRJNA66167,SAMN01164141,whole brain E14.5,0.0
